Nome,CPF,E-mail,Data,Hostname,IP,Browser,Endereço,Cartão de crédito,Vencimento
Luiz Gustavo da Cunha,549.083.721-79,manuelamartins@fogaca.br,2021-02-08T02:29:22,laptop-56.ramos.org,102.215.32.165,"Mozilla/5.0 (X11; Linux x86_64) AppleWebKit/536.2 (KHTML, like Gecko) Chrome/54.0.885.0 Safari/536.2","Aeroporto da Cunha, 5
Santa Rosa
67254-252 Almeida dos Dourados / MG","JCB 16 digit
Vitor Mendes
3572284677246151 03/22
CVC: 429
",08/31
Francisco Rocha,536.170.249-80,vda-cruz@da.br,2021-04-28T08:03:08,lt-22.duarte.org,209.86.248.105,"Mozilla/5.0 (iPad; CPU iPad OS 9_3_6 like Mac OS X) AppleWebKit/532.0 (KHTML, like Gecko) CriOS/16.0.810.0 Mobile/44Y553 Safari/532.0","Estrada Daniela da Luz, 568
Nova Suíça
86953247 da Cruz Verde / MG","VISA 16 digit
Kevin Souza
4349234640136005 10/26
CVC: 236
",05/29
Ana Vitória Costela,910.453.762-99,tcampos@rodrigues.org,2021-04-04T07:50:50,laptop-42.pereira.com,117.38.78.86,"Mozilla/5.0 (X11; Linux x86_64) AppleWebKit/536.1 (KHTML, like Gecko) Chrome/29.0.804.0 Safari/536.1","Ladeira Rocha, 981
Vila Madre Gertrudes 4ª Seção
52076-818 Carvalho / PR","Mastercard
Rafaela Caldeira
2264615462952914 01/27
CVV: 859
",04/27
Dr. Gustavo Henrique Souza,613.425.078-35,efogaca@costela.net,2021-02-25T03:22:17,lt-99.araujo.net,81.250.127.39,"Mozilla/5.0 (iPad; CPU iPad OS 9_3_5 like Mac OS X) AppleWebKit/534.2 (KHTML, like Gecko) CriOS/31.0.828.0 Mobile/14E782 Safari/534.2","Área Kaique da Cruz, 95
Ambrosina
68110-847 Martins Paulista / MA","JCB 16 digit
Luigi Porto
3546225994855953 06/23
CVC: 910
",11/22
João Vitor Castro,653.074.892-00,anthony45@correia.br,2021-05-28T17:03:13,lt-81.farias.com,156.4.239.90,"Mozilla/5.0 (Linux; Android 2.3) AppleWebKit/532.0 (KHTML, like Gecko) Chrome/46.0.857.0 Safari/532.0","Favela Rodrigues, 1
Renascença
56651217 Cunha Alegre / MT","Mastercard
Maitê Almeida
5489017055396009 04/24
CVV: 480
",04/23
Levi Caldeira,374.916.258-19,das-nevesheitor@uol.com.br,2021-08-08T06:55:42,db-55.da.br,69.94.134.238,"Mozilla/5.0 (Linux; Android 5.0.2) AppleWebKit/533.1 (KHTML, like Gecko) Chrome/37.0.847.0 Safari/533.1","Fazenda de Silva, 89
Conjunto Califórnia I
68939-269 Novaes / SC","VISA 13 digit
Emanuelly Araújo
4042810899474 10/29
CVC: 254
",07/28
Vitor Hugo Ramos,497.801.253-88,bianca93@uol.com.br,2021-02-08T01:38:24,email-03.freitas.com,79.111.79.44,"Mozilla/5.0 (Linux; Android 2.2.3) AppleWebKit/535.2 (KHTML, like Gecko) Chrome/55.0.831.0 Safari/535.2","Viela Natália Jesus, 46
Manacas
15606-763 Araújo Paulista / RS","JCB 15 digit
Ana Luiza Cardoso
213163998982648 07/26
CVC: 486
",10/30
Luiz Henrique Castro,825.019.743-79,da-matamaria-luiza@uol.com.br,2021-03-09T22:58:41,lt-02.melo.org,77.147.212.147,"Mozilla/5.0 (X11; Linux i686) AppleWebKit/533.2 (KHTML, like Gecko) Chrome/63.0.847.0 Safari/533.2","Travessa de Azevedo, 7
São Francisco Das Chagas
43372504 Pinto de Silva / DF","VISA 16 digit
Olivia Melo
4046876380004847 11/28
CVC: 804
",10/23
Davi Pinto,197.536.024-99,ecostela@da.org,2021-03-27T06:03:23,srv-89.da.org,92.224.133.136,"Mozilla/5.0 (iPad; CPU iPad OS 14_2 like Mac OS X) AppleWebKit/535.1 (KHTML, like Gecko) CriOS/35.0.872.0 Mobile/95B418 Safari/535.1","Residencial Helena Vieira, 23
Urca
64388-110 Silva da Serra / MT","Diners Club / Carte Blanche
Lívia Rezende
30496097699031 07/24
CVC: 520
",07/31
Marcos Vinicius Peixoto,218.954.637-00,martinsyuri@yahoo.com.br,2021-06-08T04:41:21,db-09.ribeiro.org,38.221.144.215,"Mozilla/5.0 (Macintosh; Intel Mac OS X 10 10_2) AppleWebKit/536.1 (KHTML, like Gecko) Chrome/52.0.859.0 Safari/536.1","Vereda de Sales, 298
São Luiz
10847257 Santos da Praia / AC","Maestro
Enzo Gabriel Viana
501863898190 10/28
CVV: 572
",05/23
Dr. Gustavo Henrique Barbosa,529.768.314-91,lucas-gabriel96@hotmail.com,2021-05-14T17:15:49,email-15.cardoso.br,56.122.239.207,"Mozilla/5.0 (Windows NT 5.0) AppleWebKit/532.2 (KHTML, like Gecko) Chrome/30.0.835.0 Safari/532.2","Loteamento Maria Luiza Vieira, 86
Liberdade
25335-912 Porto / AC","Maestro
Marina Ribeiro
567454619956 05/26
CVV: 024
",12/28
Sr. Vitor Gabriel da Rocha,049.376.215-99,ncostela@gmail.com,2021-03-22T17:15:32,web-76.castro.com,221.75.100.51,"Mozilla/5.0 (Linux; Android 5.1.1) AppleWebKit/535.1 (KHTML, like Gecko) Chrome/18.0.814.0 Safari/535.1","Parque Viana, 38
Pindura Saia
45652-753 das Neves de da Conceição / MT","VISA 19 digit
Anthony Cardoso
4811861050650843856 05/28
CVC: 370
",03/28
Ana Julia Silveira,196.075.438-66,wcostela@yahoo.com.br,2021-04-06T23:11:28,srv-70.viana.br,114.158.140.46,"Mozilla/5.0 (Windows 98; Win 9x 4.90) AppleWebKit/531.2 (KHTML, like Gecko) Chrome/30.0.860.0 Safari/531.2","Fazenda Luna Ferreira, 613
Chácara Leonina
22399-433 da Mota de da Rocha / AM","JCB 15 digit
Alice Carvalho
180096814182242 04/27
CVC: 962
",07/31
Bárbara Moraes,461.930.782-31,ocardoso@correia.com,2021-06-21T15:41:48,lt-85.freitas.br,76.231.106.192,"Mozilla/5.0 (Windows NT 5.2) AppleWebKit/536.2 (KHTML, like Gecko) Chrome/46.0.840.0 Safari/536.2","Praia de Martins, 32
São Jorge 3ª Seção
82425-125 Cardoso / MG","Discover
Levi Cardoso
6558896280015680 03/29
CVC: 404
",12/25
Beatriz Pinto,125.870.964-30,clara81@souza.org,2021-04-09T09:21:38,srv-02.araujo.com,152.251.127.76,"Mozilla/5.0 (Macintosh; PPC Mac OS X 10 8_4) AppleWebKit/532.1 (KHTML, like Gecko) Chrome/39.0.889.0 Safari/532.1","Ladeira da Mata
Milionario
07776327 Sales / PR","Discover
Luiz Felipe Fernandes
6508684561133740 09/22
CVC: 172
",04/31
Marcela Porto,213.784.905-41,clara84@barros.br,2021-08-09T03:17:55,laptop-47.costa.br,62.56.8.240,"Mozilla/5.0 (iPhone; CPU iPhone OS 5_1_1 like Mac OS X) AppleWebKit/534.1 (KHTML, like Gecko) CriOS/16.0.854.0 Mobile/43L089 Safari/534.1","Jardim de Silveira, 530
Satelite
56890-946 Gonçalves de Rezende / ES","Diners Club / Carte Blanche
Samuel Oliveira
30059625293667 06/26
CVC: 674
",12/30
Miguel Viana,678.942.035-56,miguelfogaca@da.net,2021-06-19T19:34:41,laptop-80.sales.org,117.245.47.112,"Mozilla/5.0 (Windows 98) AppleWebKit/533.1 (KHTML, like Gecko) Chrome/30.0.898.0 Safari/533.1","Trecho da Luz, 663
Bela Vitoria
39634-096 Cardoso / RJ","VISA 16 digit
Enzo da Luz
4095178060750496 10/30
CVC: 529
",06/29
Sophie Moreira,971.268.450-49,vpeixoto@yahoo.com.br,2021-04-02T22:08:40,db-18.moreira.br,63.149.175.172,"Mozilla/5.0 (Linux; Android 10) AppleWebKit/536.2 (KHTML, like Gecko) Chrome/59.0.885.0 Safari/536.2","Loteamento de Costa, 12
Buraco Quente
84817-808 da Rosa Grande / MS","Diners Club / Carte Blanche
Júlia Cardoso
30550310828544 02/30
CVC: 061
",06/31
Ryan Alves,436.127.950-07,luna01@caldeira.com,2021-05-29T16:32:05,db-55.da.com,20.21.42.26,"Mozilla/5.0 (Macintosh; Intel Mac OS X 10 7_3) AppleWebKit/535.0 (KHTML, like Gecko) Chrome/62.0.826.0 Safari/535.0","Vila Milena Viana, 129
Conjunto Paulo Vi
73496084 das Neves / CE","VISA 19 digit
Lucca da Rosa
4187664734966922058 02/26
CVC: 619
",07/24
Bryan Vieira,356.728.401-08,aliceda-cunha@moreira.com,2021-07-30T12:49:38,laptop-81.da.com,2.131.64.130,"Mozilla/5.0 (iPhone; CPU iPhone OS 4_2_1 like Mac OS X) AppleWebKit/532.2 (KHTML, like Gecko) CriOS/37.0.836.0 Mobile/16M648 Safari/532.2","Largo Martins, 232
Vila Ipiranga
35656475 Lopes / TO","Maestro
Fernando Teixeira
502035905459 02/27
CVV: 844
",10/26
Stephany Azevedo,971.342.085-32,alexiacostela@gmail.com,2021-01-26T04:39:00,laptop-80.souza.org,152.243.136.249,"Mozilla/5.0 (Macintosh; U; PPC Mac OS X 10 11_3) AppleWebKit/533.1 (KHTML, like Gecko) Chrome/59.0.883.0 Safari/533.1","Vila Helena Lima
Xangri-Lá
81675108 Rezende / AM","Mastercard
Sarah Oliveira
2720270997429158 04/25
CVV: 466
",03/22
Yasmin da Rosa,690.437.528-00,sarahda-mota@ig.com.br,2021-07-11T00:59:28,srv-49.rezende.br,125.145.195.246,"Mozilla/5.0 (iPad; CPU iPad OS 7_1_2 like Mac OS X) AppleWebKit/535.0 (KHTML, like Gecko) CriOS/22.0.834.0 Mobile/59O576 Safari/535.0","Lago de da Luz, 833
Vila Da Paz
14188-130 Teixeira das Flores / RN","VISA 19 digit
Kamilly da Cruz
4827447155766140359 08/26
CVC: 849
",07/25
Gabriela Pinto,016.974.583-00,pietrocardoso@hotmail.com,2021-06-08T15:09:11,laptop-90.fernandes.com,10.0.18.153,"Mozilla/5.0 (iPad; CPU iPad OS 14_2_1 like Mac OS X) AppleWebKit/535.1 (KHTML, like Gecko) CriOS/17.0.824.0 Mobile/58G927 Safari/535.1","Alameda Ana Beatriz Ribeiro, 52
Das Industrias I
41353540 da Conceição Verde / PR","American Express
Marcos Vinicius Moreira
372395070759349 08/30
CID: 0902
",04/30
Vitória Azevedo,854.793.162-73,fbarbosa@almeida.br,2021-03-16T09:27:58,web-51.cavalcanti.com,216.58.39.13,"Mozilla/5.0 (X11; Linux i686) AppleWebKit/533.1 (KHTML, like Gecko) Chrome/49.0.857.0 Safari/533.1","Pátio de Pinto, 46
Buritis
46068-822 da Cunha / MG","JCB 15 digit
Rodrigo Monteiro
180061866490828 10/21
CVC: 800
",04/25
Olivia Mendes,302.964.851-60,bteixeira@peixoto.com,2021-03-27T20:19:47,laptop-11.silveira.br,139.66.54.166,"Mozilla/5.0 (Macintosh; U; PPC Mac OS X 10 8_0) AppleWebKit/532.1 (KHTML, like Gecko) Chrome/58.0.837.0 Safari/532.1","Rodovia Ana Carolina Gomes, 79
Aparecida
52078-098 Martins / PR","American Express
Maria Luiza Pires
341107957170807 02/27
CID: 8952
",09/25
Sr. Carlos Eduardo Viana,984.701.563-57,ndas-neves@teixeira.br,2021-03-02T08:36:49,srv-36.da.org,203.123.159.42,"Mozilla/5.0 (iPhone; CPU iPhone OS 6_1_6 like Mac OS X) AppleWebKit/535.1 (KHTML, like Gecko) CriOS/36.0.818.0 Mobile/49C175 Safari/535.1","Trecho Rodrigues, 80
Santa Maria
99008062 Rodrigues do Campo / RR","American Express
Augusto Porto
377817060902600 10/21
CID: 0846
",10/26
Benjamin Gomes,896.075.432-38,ribeirolorenzo@peixoto.br,2021-03-30T08:45:37,db-09.ferreira.com,202.174.54.194,"Mozilla/5.0 (X11; Linux i686) AppleWebKit/536.2 (KHTML, like Gecko) Chrome/28.0.808.0 Safari/536.2","Pátio da Mata, 18
Alto Barroca
84132-803 da Cruz do Campo / TO","Diners Club / Carte Blanche
Olivia Silva
30237790898508 07/27
CVC: 394
",04/23
Caio Ferreira,564.879.031-75,laura44@barros.com,2021-01-06T15:34:17,web-28.jesus.br,176.2.190.67,"Mozilla/5.0 (Macintosh; PPC Mac OS X 10 9_5) AppleWebKit/533.0 (KHTML, like Gecko) Chrome/44.0.839.0 Safari/533.0","Avenida da Rosa
Vila São Rafael
19165469 Duarte / BA","JCB 15 digit
Bianca Fogaça
180028292120519 01/28
CVC: 839
",10/22
Kevin Ribeiro,928.036.741-22,mcavalcanti@bol.com.br,2021-04-03T09:05:41,srv-84.goncalves.com,79.27.1.77,"Mozilla/5.0 (Windows NT 5.01) AppleWebKit/534.0 (KHTML, like Gecko) Chrome/35.0.866.0 Safari/534.0","Vereda Nascimento, 45
Lagoinha Leblon
37042602 Campos / PR","VISA 16 digit
Nina Nogueira
4147508913705313 02/23
CVC: 342
",10/30
Alícia Viana,730.458.916-75,yda-costa@nogueira.org,2021-01-17T22:58:32,laptop-63.azevedo.net,144.254.45.80,"Mozilla/5.0 (iPad; CPU iPad OS 4_2_1 like Mac OS X) AppleWebKit/533.0 (KHTML, like Gecko) CriOS/29.0.836.0 Mobile/70M279 Safari/533.0","Quadra de Alves, 76
Braúnas
82356001 Alves de Castro / SP","Discover
Gabrielly Ferreira
6011683768993484 06/25
CVC: 553
",04/23
Vitor Hugo Moraes,432.091.876-22,fdas-neves@cardoso.com,2021-06-11T09:21:56,web-48.cavalcanti.org,120.161.115.87,"Mozilla/5.0 (Macintosh; U; PPC Mac OS X 10 6_1) AppleWebKit/533.1 (KHTML, like Gecko) Chrome/24.0.830.0 Safari/533.1","Vereda Alícia Barbosa, 22
Barroca
70569-132 Monteiro da Mata / ES","JCB 16 digit
Fernanda Dias
3519939007240093 02/24
CVC: 084
",08/24
Enzo Gabriel Duarte,842.573.916-00,pedro-henrique11@hotmail.com,2021-07-18T08:30:33,laptop-94.duarte.com,180.238.160.253,"Mozilla/5.0 (iPad; CPU iPad OS 14_2_1 like Mac OS X) AppleWebKit/531.1 (KHTML, like Gecko) CriOS/37.0.823.0 Mobile/46B482 Safari/531.1","Praia Raquel Ribeiro, 31
Garças
48752-419 Fernandes da Mata / AL","Discover
Amanda Azevedo
6516261289888853 09/24
CVC: 648
",08/22
Sra. Brenda Campos,932.675.140-61,tda-paz@dias.com,2021-07-18T14:31:37,srv-30.caldeira.br,125.68.27.12,"Mozilla/5.0 (Windows NT 5.2) AppleWebKit/536.0 (KHTML, like Gecko) Chrome/32.0.875.0 Safari/536.0","Favela de Alves, 18
Liberdade
74040873 Almeida das Pedras / MA","JCB 16 digit
João Lucas Almeida
3584956594798960 04/24
CVC: 573
",12/27
Lorenzo Silveira,583.614.972-00,da-rosafelipe@da.net,2021-05-30T13:54:12,db-65.moraes.com,102.97.15.101,"Mozilla/5.0 (Linux; Android 3.2.2) AppleWebKit/533.0 (KHTML, like Gecko) Chrome/15.0.818.0 Safari/533.0","Lago Sophie Santos, 79
Custodinha
68835665 Aragão / SE","JCB 16 digit
Valentina Pinto
3513328347748047 09/24
CVC: 082
",01/25
Yuri Duarte,079.356.421-25,maysa75@bol.com.br,2021-02-12T13:09:43,laptop-97.lopes.br,143.117.102.171,"Mozilla/5.0 (Linux; Android 4.0.2) AppleWebKit/536.2 (KHTML, like Gecko) Chrome/52.0.896.0 Safari/536.2","Área de Martins
Beira Linha
94912623 Farias / MG","VISA 16 digit
Isis Porto
4212819555136281 11/30
CVC: 106
",12/24
Maria Julia Moraes,163.548.902-42,emanuellapereira@yahoo.com.br,2021-06-22T08:56:59,web-26.pereira.net,83.233.183.116,"Mozilla/5.0 (Linux; Android 7.1.1) AppleWebKit/536.0 (KHTML, like Gecko) Chrome/31.0.808.0 Safari/536.0","Núcleo Lívia da Cunha, 91
São João Batista
39589881 Correia / ES","VISA 16 digit
Vitor Hugo Mendes
4526740587661966 08/23
CVC: 058
",02/23
Pietra da Conceição,209.754.631-52,qpires@rezende.org,2021-07-29T12:21:50,desktop-04.da.net,175.222.203.91,"Mozilla/5.0 (iPad; CPU iPad OS 5_1_1 like Mac OS X) AppleWebKit/532.1 (KHTML, like Gecko) CriOS/30.0.808.0 Mobile/83S791 Safari/532.1","Fazenda de Lopes, 533
Vila Novo São Lucas
95394-259 Correia das Pedras / BA","Maestro
Mariana da Conceição
630435075621 10/27
CVV: 966
",12/21
André Santos,920.761.845-11,maria-cecilia47@almeida.br,2021-04-18T01:27:11,laptop-52.da.br,104.86.84.130,"Mozilla/5.0 (Linux; Android 3.2) AppleWebKit/533.2 (KHTML, like Gecko) Chrome/39.0.863.0 Safari/533.2","Sítio de Azevedo, 90
Cinquentenário
63257799 da Paz de Minas / SP","Discover
Ana Luiza Moreira
6011458430260194 10/25
CVC: 889
",06/25
Sofia Pereira,063.172.894-50,larissa25@santos.com,2021-01-15T07:05:44,lt-45.cardoso.br,216.200.226.176,"Mozilla/5.0 (X11; Linux i686) AppleWebKit/532.1 (KHTML, like Gecko) Chrome/16.0.841.0 Safari/532.1","Jardim Rezende, 8
Conjunto Califórnia I
09342-671 Barros de Rodrigues / MA","VISA 19 digit
Kamilly Araújo
4074120806205848365 05/24
CVC: 151
",08/26
Luiz Henrique Pires,916.057.382-12,manuela34@bol.com.br,2021-02-22T13:21:26,web-44.ribeiro.br,205.100.220.222,"Mozilla/5.0 (Linux; Android 4.0.4) AppleWebKit/536.2 (KHTML, like Gecko) Chrome/39.0.812.0 Safari/536.2","Lagoa de Pinto, 6
Nossa Senhora Da Aparecida
93714-618 Farias / MG","JCB 16 digit
Agatha Costela
3584285922161596 06/27
CVC: 096
",01/27
Dr. Rafael Cardoso,648.152.097-58,isabel06@alves.org,2021-07-30T01:19:46,laptop-93.melo.com,39.228.57.48,"Mozilla/5.0 (Windows NT 6.0) AppleWebKit/533.1 (KHTML, like Gecko) Chrome/46.0.895.0 Safari/533.1","Distrito de Aragão, 4
Vila Batik
66300566 da Cruz da Serra / BA","Mastercard
Marcelo Araújo
2709628117576668 04/25
CVV: 981
",06/31
Nicolas Monteiro,236.174.859-28,otavio67@gmail.com,2021-05-17T16:15:05,email-46.lopes.com,222.82.40.125,"Mozilla/5.0 (Linux; Android 4.3.1) AppleWebKit/531.1 (KHTML, like Gecko) Chrome/31.0.876.0 Safari/531.1","Sítio Rocha, 331
Ouro Preto
60615-452 Novaes / GO","Maestro
Raul Rezende
575150317445 04/26
CVV: 608
",03/27
Augusto Dias,892.415.760-49,mendescalebe@gmail.com,2021-04-27T21:25:28,desktop-29.da.br,67.152.10.148,"Mozilla/5.0 (Linux; Android 3.2) AppleWebKit/532.2 (KHTML, like Gecko) Chrome/60.0.849.0 Safari/532.2","Campo Aragão, 78
Vera Cruz
64017-987 Correia Paulista / PR","VISA 13 digit
Olivia da Rosa
4286911969658 03/29
CVC: 470
",02/31
Eduarda da Rosa,693.450.712-61,kamillyda-costa@yahoo.com.br,2021-03-09T06:06:43,db-09.oliveira.com,180.104.227.40,"Mozilla/5.0 (Linux; Android 3.2.4) AppleWebKit/535.0 (KHTML, like Gecko) Chrome/38.0.802.0 Safari/535.0","Colônia da Conceição, 61
Trevo
01088-468 Rezende do Amparo / MS","JCB 16 digit
Olivia Jesus
3572528159553496 02/24
CVC: 860
",11/28
Yuri Moraes,852.497.160-67,pietra51@yahoo.com.br,2021-07-12T20:05:05,email-21.castro.net,58.195.20.98,"Mozilla/5.0 (X11; Linux x86_64) AppleWebKit/534.1 (KHTML, like Gecko) Chrome/30.0.878.0 Safari/534.1","Campo de Cavalcanti, 73
Conjunto Jardim Filadélfia
25367-872 Carvalho / MS","American Express
Alana Pires
375050932762208 02/27
CID: 8142
",08/25
Theo Costela,257.149.830-41,tporto@gmail.com,2021-03-30T11:47:08,srv-25.vieira.br,60.199.70.8,"Mozilla/5.0 (Windows NT 4.0) AppleWebKit/531.1 (KHTML, like Gecko) Chrome/47.0.894.0 Safari/531.1","Rua João Vitor das Neves, 81
Vila Nova Cachoeirinha 2ª Seção
56806-946 Almeida de Duarte / RN","VISA 19 digit
Rebeca Cunha
4136442705821473350 07/30
CVC: 075
",11/23
Dra. Giovanna Novaes,653.174.928-82,peixotolarissa@araujo.br,2021-03-26T00:32:11,srv-33.barbosa.com,171.177.247.0,"Mozilla/5.0 (Macintosh; U; PPC Mac OS X 10 11_6) AppleWebKit/531.2 (KHTML, like Gecko) Chrome/45.0.891.0 Safari/531.2","Chácara Guilherme Teixeira, 710
Novo Das Industrias
19309605 Lima do Amparo / MG","JCB 15 digit
Julia Rezende
180053282337998 05/28
CVC: 507
",02/23
Lorena Viana,176.095.328-86,barrosguilherme@vieira.com,2021-08-01T01:34:54,lt-32.ferreira.br,156.39.45.21,"Mozilla/5.0 (X11; Linux i686) AppleWebKit/531.0 (KHTML, like Gecko) Chrome/22.0.822.0 Safari/531.0","Loteamento Jesus, 130
Céu Azul
49000-708 Aragão de Goiás / SC","JCB 15 digit
Natália Silva
213120741957624 09/28
CVC: 728
",07/29
Bárbara Almeida,712.854.930-79,bpires@das.net,2021-01-19T20:49:18,db-09.correia.com,48.201.150.223,"Mozilla/5.0 (iPad; CPU iPad OS 3_1_3 like Mac OS X) AppleWebKit/533.2 (KHTML, like Gecko) CriOS/36.0.855.0 Mobile/00V728 Safari/533.2","Vila de Nogueira, 52
São Jorge 2ª Seção
74326760 Freitas Alegre / PR","VISA 13 digit
Isadora Caldeira
4151595597276 01/26
CVC: 175
",01/29
Davi Lucas Duarte,951.402.378-14,odias@goncalves.com,2021-04-02T01:14:29,db-28.vieira.br,58.14.117.3,"Mozilla/5.0 (X11; Linux i686) AppleWebKit/531.1 (KHTML, like Gecko) Chrome/28.0.833.0 Safari/531.1","Via Ana Vitória da Mata, 90
Flavio De Oliveira
62887260 Teixeira de Goiás / CE","VISA 13 digit
Clarice Peixoto
4182994923029 07/26
CVC: 503
",12/22
Stella Almeida,961.348.705-01,tdias@monteiro.br,2021-01-13T04:07:04,desktop-30.cardoso.br,192.121.250.44,"Mozilla/5.0 (X11; Linux i686) AppleWebKit/533.2 (KHTML, like Gecko) Chrome/19.0.813.0 Safari/533.2","Jardim Emilly da Luz
Jardim Alvorada
03106-109 Costela da Prata / TO","Discover
Breno Gonçalves
6011601715047279 11/22
CVC: 443
",09/30
Vitória Freitas,568.927.031-86,araujoluiz-fernando@hotmail.com,2021-03-07T14:38:43,srv-03.moraes.com,26.147.107.154,"Mozilla/5.0 (iPad; CPU iPad OS 12_4_8 like Mac OS X) AppleWebKit/536.0 (KHTML, like Gecko) CriOS/54.0.808.0 Mobile/62P732 Safari/536.0","Jardim de Melo, 43
Piraja
27469238 Carvalho Paulista / AC","American Express
Lorena Melo
374853862644689 01/23
CID: 3445
",08/29
Maria Cecília Cardoso,065.294.731-06,ycaldeira@cardoso.com,2021-01-21T06:02:42,email-64.ribeiro.br,171.60.241.146,"Mozilla/5.0 (Windows NT 5.1) AppleWebKit/532.2 (KHTML, like Gecko) Chrome/45.0.810.0 Safari/532.2","Avenida Maria Fernanda Duarte
Nossa Senhora Da Aparecida
19101-795 Freitas de Pereira / GO","Diners Club / Carte Blanche
Francisco Campos
30232528412870 12/30
CVC: 791
",06/29
Pedro Cunha,372.065.418-44,raragao@pereira.com,2021-02-03T18:43:43,laptop-91.carvalho.org,96.218.128.167,"Mozilla/5.0 (iPhone; CPU iPhone OS 9_3_6 like Mac OS X) AppleWebKit/532.2 (KHTML, like Gecko) CriOS/20.0.883.0 Mobile/03O139 Safari/532.2","Pátio Nicolas da Costa
Vila Das Oliveiras
50979204 Oliveira das Pedras / PA","American Express
Lara Castro
376998853634138 11/21
CID: 8430
",05/31
Benjamin Nogueira,809.723.465-38,cauaferreira@moraes.br,2021-07-04T12:05:21,laptop-54.da.br,218.216.83.141,"Mozilla/5.0 (iPad; CPU iPad OS 12_4_8 like Mac OS X) AppleWebKit/534.2 (KHTML, like Gecko) CriOS/13.0.892.0 Mobile/19J781 Safari/534.2","Aeroporto Lorena da Rosa
Dom Bosco
33220-261 da Conceição de Lima / MA","Diners Club / Carte Blanche
Mirella Fernandes
30254354218221 01/24
CVC: 623
",04/30
Samuel Porto,402.653.789-74,stephanynunes@hotmail.com,2021-01-21T17:17:30,lt-49.cardoso.br,26.182.162.128,"Mozilla/5.0 (Windows NT 5.01) AppleWebKit/535.2 (KHTML, like Gecko) Chrome/28.0.888.0 Safari/535.2","Chácara de Ramos
Taquaril
46329856 Monteiro / DF","VISA 13 digit
Pedro Miguel Nogueira
4889143135202 02/22
CVC: 350
",07/26
João Felipe Cunha,534.791.608-75,gfarias@hotmail.com,2021-07-19T01:35:31,db-03.azevedo.com,90.199.56.164,"Mozilla/5.0 (Macintosh; U; Intel Mac OS X 10 10_2) AppleWebKit/531.2 (KHTML, like Gecko) Chrome/14.0.895.0 Safari/531.2","Avenida Cardoso, 91
Palmeiras
98896919 Costa / DF","Diners Club / Carte Blanche
Vitor da Cruz
30163088947205 10/23
CVC: 611
",06/24
Mariana Aragão,526.791.430-43,catarinasouza@costela.com,2021-06-22T13:34:04,email-05.almeida.com,46.201.111.10,"Mozilla/5.0 (iPhone; CPU iPhone OS 9_3_5 like Mac OS X) AppleWebKit/531.0 (KHTML, like Gecko) CriOS/59.0.848.0 Mobile/70O896 Safari/531.0","Sítio Vinicius Silveira, 64
Vila Real 2ª Seção
77178304 Pinto / AL","JCB 15 digit
João Miguel Lopes
213193541488009 08/30
CVC: 344
",12/27
Cauê Monteiro,784.263.109-31,santosnatalia@nascimento.com,2021-02-07T23:35:18,email-93.novaes.br,50.214.215.124,"Mozilla/5.0 (iPad; CPU iPad OS 5_1_1 like Mac OS X) AppleWebKit/536.1 (KHTML, like Gecko) CriOS/38.0.832.0 Mobile/74X220 Safari/536.1","Praia João Pedro Azevedo, 91
Providencia
43416672 Castro dos Dourados / PB","JCB 16 digit
Luana Barros
3540085828791014 08/31
CVC: 222
",03/25
Dra. Emilly da Mota,192.634.875-37,mgoncalves@yahoo.com.br,2021-05-29T23:29:14,web-01.rodrigues.br,11.36.27.186,"Mozilla/5.0 (Macintosh; Intel Mac OS X 10 12_1) AppleWebKit/534.0 (KHTML, like Gecko) Chrome/30.0.808.0 Safari/534.0","Sítio Ferreira, 25
Vila Cloris
51786-936 Viana / AM","VISA 16 digit
Bryan Cardoso
4789343259702457 07/28
CVC: 720
",04/27
Ana Luiza Castro,429.780.165-58,samuel45@bol.com.br,2021-07-21T10:57:24,web-81.duarte.br,11.127.174.164,"Mozilla/5.0 (X11; Linux x86_64) AppleWebKit/531.0 (KHTML, like Gecko) Chrome/62.0.891.0 Safari/531.0","Avenida de Freitas, 8
Lagoinha Leblon
83017879 da Paz / AC","JCB 16 digit
Danilo da Mata
3528922123172910 10/27
CVC: 253
",04/27
Emanuelly Pinto,451.096.837-00,silveiragabriela@porto.net,2021-07-10T13:40:57,srv-07.sales.net,155.196.47.232,"Mozilla/5.0 (Windows NT 6.0) AppleWebKit/536.0 (KHTML, like Gecko) Chrome/37.0.872.0 Safari/536.0","Loteamento de Carvalho, 22
Jardim Dos Comerciarios
25392-406 Fogaça Paulista / TO","VISA 19 digit
Bryan Teixeira
4096212643784682630 12/24
CVC: 755
",11/22
João Lucas Barros,598.264.731-46,cda-mota@monteiro.br,2021-08-13T02:04:37,web-57.das.com,189.24.117.204,"Mozilla/5.0 (X11; Linux i686) AppleWebKit/536.1 (KHTML, like Gecko) Chrome/22.0.879.0 Safari/536.1","Jardim Nascimento
Pongelupe
28249848 Silva / ES","JCB 15 digit
Vitória Peixoto
213163146221477 09/24
CVC: 381
",07/23
Sr. Marcelo Rodrigues,538.219.407-60,carvalhoemilly@carvalho.br,2021-02-03T04:50:59,laptop-51.aragao.org,74.85.180.43,"Mozilla/5.0 (X11; Linux i686) AppleWebKit/533.0 (KHTML, like Gecko) Chrome/49.0.867.0 Safari/533.0","Praia Barbosa, 1
Betânia
02233-355 Vieira / ES","VISA 16 digit
Mirella Oliveira
4002264628234660 12/29
CVC: 028
",05/28
Ana Caldeira,627.304.819-31,arthurnogueira@bol.com.br,2021-01-21T00:51:50,lt-10.da.com,184.147.73.108,"Mozilla/5.0 (Linux; Android 8.0.0) AppleWebKit/531.2 (KHTML, like Gecko) Chrome/41.0.838.0 Safari/531.2","Vale Campos
Laranjeiras
15090-544 da Costa de Goiás / SC","JCB 15 digit
Agatha Azevedo
180050923962986 12/28
CVC: 911
",12/27
Maitê Almeida,836.157.409-39,da-cunhaemilly@yahoo.com.br,2021-07-15T01:31:03,laptop-30.gomes.org,43.107.249.119,"Mozilla/5.0 (Macintosh; PPC Mac OS X 10 9_7) AppleWebKit/532.2 (KHTML, like Gecko) Chrome/34.0.888.0 Safari/532.2","Quadra Valentina Porto, 82
Vila Fumec
45769-935 Mendes / MG","American Express
Thomas da Cunha
374922278140606 08/30
CID: 6343
",09/22
Rodrigo Fernandes,145.670.382-07,lorenzoda-mota@melo.br,2021-06-20T22:28:23,db-76.silveira.br,53.12.107.33,"Mozilla/5.0 (Linux; Android 5.0.2) AppleWebKit/532.2 (KHTML, like Gecko) Chrome/27.0.828.0 Safari/532.2","Vila Gonçalves, 3
Alta Tensão 1ª Seção
23224729 Martins / PI","JCB 15 digit
Luiz Otávio das Neves
180088931096207 09/27
CVC: 690
",03/31
Dr. Pedro Miguel Rodrigues,402.789.531-23,jfarias@dias.net,2021-04-28T11:50:23,desktop-69.porto.br,49.114.3.33,"Mozilla/5.0 (iPhone; CPU iPhone OS 5_1_1 like Mac OS X) AppleWebKit/535.1 (KHTML, like Gecko) CriOS/35.0.808.0 Mobile/39I808 Safari/535.1","Pátio Maitê das Neves, 249
Lorena
13896221 Rezende de Minas / RN","VISA 19 digit
Leandro Caldeira
4001760535643058570 01/22
CVC: 636
",12/24
Ana Luiza Moraes,608.425.193-51,otavio84@hotmail.com,2021-05-25T08:51:46,laptop-63.da.com,180.153.201.123,"Mozilla/5.0 (X11; Linux x86_64) AppleWebKit/536.1 (KHTML, like Gecko) Chrome/35.0.875.0 Safari/536.1","Travessa de Correia, 36
Itaipu
53658-442 Oliveira das Flores / RN","Maestro
Luigi Silveira
676338088070 11/29
CVV: 261
",11/28
Carolina Pinto,263.481.590-51,azevedoagatha@pires.br,2021-04-01T15:27:07,desktop-57.das.net,2.191.79.168,"Mozilla/5.0 (Windows 98) AppleWebKit/531.2 (KHTML, like Gecko) Chrome/33.0.844.0 Safari/531.2","Rodovia Mariana Nunes
Petropolis
44478-961 Nogueira / GO","Mastercard
Sarah das Neves
2672560643967553 11/24
CVV: 545
",12/25
Kevin da Mota,921.608.745-58,araujolorenzo@farias.br,2021-02-12T01:36:29,laptop-11.jesus.com,169.225.242.222,"Mozilla/5.0 (Linux; Android 1.5) AppleWebKit/532.1 (KHTML, like Gecko) Chrome/39.0.872.0 Safari/532.1","Praça João Gonçalves, 45
Bom Jesus
05053-061 Mendes / GO","Discover
Letícia Gomes
6011131663140306 10/29
CVC: 211
",03/27
Cauã Dias,761.524.389-00,barroslavinia@melo.net,2021-07-20T19:02:57,web-58.viana.net,109.160.182.219,"Mozilla/5.0 (iPhone; CPU iPhone OS 14_2_1 like Mac OS X) AppleWebKit/536.2 (KHTML, like Gecko) CriOS/28.0.876.0 Mobile/53L298 Safari/536.2","Jardim de da Cunha
Havaí
15836648 Aragão / BA","VISA 19 digit
Manuela Silveira
4796237296312412594 08/30
CVC: 183
",07/27
Sarah Peixoto,941.830.756-10,caueda-paz@ig.com.br,2021-02-20T18:04:53,desktop-83.sales.br,72.59.250.156,"Mozilla/5.0 (iPad; CPU iPad OS 12_4_8 like Mac OS X) AppleWebKit/533.2 (KHTML, like Gecko) CriOS/17.0.867.0 Mobile/63A292 Safari/533.2","Núcleo de da Conceição, 93
São Jorge 2ª Seção
49493278 Costa de Goiás / AP","American Express
Letícia Melo
341413868008924 07/30
CID: 6518
",01/27
Dra. Carolina da Luz,852.617.940-30,vieirabernardo@fogaca.br,2021-01-15T14:35:16,web-12.pires.br,200.69.7.17,"Mozilla/5.0 (X11; Linux i686) AppleWebKit/536.2 (KHTML, like Gecko) Chrome/41.0.825.0 Safari/536.2","Travessa Almeida
Canaa
93891170 Carvalho de Minas / AP","Maestro
Rebeca Santos
630454497292 01/24
CVV: 396
",03/25
Luiza Nogueira,257.301.894-60,emanuelmoraes@teixeira.br,2021-04-10T02:26:42,lt-09.nogueira.com,125.128.77.26,"Mozilla/5.0 (X11; Linux x86_64) AppleWebKit/536.0 (KHTML, like Gecko) Chrome/34.0.842.0 Safari/536.0","Trevo Gomes, 96
Alto Das Antenas
54648076 Melo / AC","VISA 13 digit
Samuel Ramos
4340077561807 12/23
CVC: 903
",08/30
Melissa Moraes,741.803.652-35,ramoscaua@bol.com.br,2021-02-15T04:57:14,lt-16.aragao.com,47.66.90.151,"Mozilla/5.0 (X11; Linux i686) AppleWebKit/535.1 (KHTML, like Gecko) Chrome/25.0.894.0 Safari/535.1","Distrito Alana Rodrigues, 27
Serra Do Curral
59104-739 Nascimento Alegre / DF","VISA 13 digit
Enzo Monteiro
4751093413387 04/26
CVC: 418
",10/22
Maria Clara Pereira,708.512.936-03,bruna37@bol.com.br,2021-04-18T13:23:38,lt-69.lima.com,201.238.236.36,"Mozilla/5.0 (iPhone; CPU iPhone OS 3_1_3 like Mac OS X) AppleWebKit/535.1 (KHTML, like Gecko) CriOS/24.0.842.0 Mobile/74M541 Safari/535.1","Vale Arthur Correia, 909
Vila Nova Cachoeirinha 3ª Seção
58105-463 Rodrigues Verde / SC","Diners Club / Carte Blanche
Enrico Santos
30060378321200 01/23
CVC: 719
",04/27
Isabelly Farias,208.143.576-44,gabrielly90@bol.com.br,2021-06-26T19:41:16,srv-06.gomes.com,222.98.220.54,"Mozilla/5.0 (iPad; CPU iPad OS 3_1_3 like Mac OS X) AppleWebKit/535.2 (KHTML, like Gecko) CriOS/58.0.899.0 Mobile/94Y512 Safari/535.2","Vila de das Neves, 77
Fazendinha
80265112 Lima do Galho / PI","JCB 16 digit
Thomas Nascimento
3560374275036601 01/22
CVC: 605
",06/28
Thiago da Mata,149.568.273-00,mourabernardo@hotmail.com,2021-06-22T17:45:31,srv-63.nascimento.com,198.204.13.108,"Mozilla/5.0 (iPhone; CPU iPhone OS 14_2 like Mac OS X) AppleWebKit/533.0 (KHTML, like Gecko) CriOS/61.0.834.0 Mobile/80A323 Safari/533.0","Fazenda Pietro Peixoto, 768
Vila Dos Anjos
39040341 da Cruz do Oeste / TO","Maestro
Leandro Costela
639040153608 04/29
CVV: 444
",01/31
Theo Azevedo,183.754.290-23,cunhamariane@peixoto.net,2021-03-04T20:58:58,laptop-62.cavalcanti.br,74.186.169.37,"Mozilla/5.0 (Windows NT 6.1) AppleWebKit/533.1 (KHTML, like Gecko) Chrome/25.0.882.0 Safari/533.1","Sítio de da Luz, 81
Esperança
01012-662 Correia / RS","VISA 16 digit
Catarina Barbosa
4259420381436765 02/29
CVC: 697
",06/30
Murilo da Conceição,630.971.852-59,aragaoanthony@moreira.org,2021-03-21T03:21:42,email-00.sales.org,96.75.148.128,"Mozilla/5.0 (X11; Linux i686) AppleWebKit/533.2 (KHTML, like Gecko) Chrome/49.0.843.0 Safari/533.2","Ladeira Melo, 5
Estoril
31285-402 Costa do Norte / PI","VISA 19 digit
Rebeca Azevedo
4920576379579554079 10/28
CVC: 503
",12/23
Miguel Carvalho,913.640.278-87,mariane98@costela.br,2021-04-21T23:08:35,web-43.goncalves.com,223.213.177.10,"Mozilla/5.0 (Windows 95) AppleWebKit/534.1 (KHTML, like Gecko) Chrome/13.0.817.0 Safari/534.1","Conjunto Luiza Martins, 22
Funcionários
79298-702 Rocha Verde / AM","VISA 19 digit
Enzo Porto
4696566901041414596 03/22
CVC: 976
",10/28
Luiz Gustavo Nascimento,947.082.153-04,anthonymoraes@uol.com.br,2021-05-01T14:34:24,srv-87.souza.org,91.208.222.180,"Mozilla/5.0 (Macintosh; U; Intel Mac OS X 10 12_6) AppleWebKit/535.2 (KHTML, like Gecko) Chrome/24.0.895.0 Safari/535.2","Rua de Caldeira, 3
Cidade Nova
86086-239 Azevedo / SE","JCB 16 digit
Vitor Gabriel Porto
3527082664763709 09/23
CVC: 441
",01/30
Ian Pereira,489.715.632-73,ysales@yahoo.com.br,2021-08-17T13:35:05,laptop-62.teixeira.com,32.38.28.116,"Mozilla/5.0 (iPad; CPU iPad OS 14_2_1 like Mac OS X) AppleWebKit/533.1 (KHTML, like Gecko) CriOS/39.0.843.0 Mobile/80Q086 Safari/533.1","Condomínio Silva, 434
Cinquentenário
92554-150 Farias Alegre / RS","Mastercard
Maysa Nogueira
2316946502044174 11/21
CVV: 356
",11/30
Pedro Henrique Oliveira,467.132.980-87,nmoura@da.net,2021-03-12T23:26:15,web-88.rezende.com,197.229.191.30,"Mozilla/5.0 (Linux; Android 9) AppleWebKit/536.0 (KHTML, like Gecko) Chrome/36.0.854.0 Safari/536.0","Fazenda de Moreira, 50
Beija Flor
09035479 Pereira dos Dourados / RO","Mastercard
João Vieira
2720243080063408 04/31
CVV: 607
",12/26
Pietro Rodrigues,910.784.532-41,paulojesus@ribeiro.br,2021-04-03T01:21:12,desktop-77.rodrigues.com,140.199.155.201,"Mozilla/5.0 (Macintosh; PPC Mac OS X 10 9_4) AppleWebKit/536.0 (KHTML, like Gecko) Chrome/21.0.843.0 Safari/536.0","Setor da Paz, 86
São Sebastião
90000-798 da Cunha / RN","JCB 16 digit
Agatha Moraes
3513500046505056 08/29
CVC: 362
",04/28
Bryan Fogaça,873.019.564-01,melissa21@barbosa.net,2021-02-13T14:57:21,lt-90.freitas.com,161.208.253.99,"Mozilla/5.0 (Windows NT 6.2) AppleWebKit/534.1 (KHTML, like Gecko) Chrome/55.0.815.0 Safari/534.1","Esplanada de Moura, 1
Vila Paquetá
51954130 Freitas / AC","Maestro
João Guilherme Aragão
675953033502 04/31
CVV: 866
",09/22
Ian Campos,871.450.692-02,ana-beatrizgomes@carvalho.com,2021-04-09T17:20:00,db-20.souza.br,26.35.200.88,"Mozilla/5.0 (Linux; Android 5.0) AppleWebKit/534.1 (KHTML, like Gecko) Chrome/47.0.892.0 Safari/534.1","Praça Olivia da Mota, 241
Tupi B
88185747 Cardoso / ES","JCB 16 digit
Enzo Fernandes
3559063119401351 08/23
CVC: 840
",04/28
Ana Julia da Conceição,415.638.092-06,caldeirastella@uol.com.br,2021-06-30T23:40:31,desktop-62.lopes.br,41.217.8.219,"Mozilla/5.0 (Macintosh; U; PPC Mac OS X 10 6_4) AppleWebKit/531.2 (KHTML, like Gecko) Chrome/25.0.824.0 Safari/531.2","Alameda Castro, 73
Cidade Jardim Taquaril
63343-353 da Mota / GO","Mastercard
Pedro Miguel Nunes
2703577825349395 10/29
CVV: 800
",07/23
Sabrina Araújo,981.762.450-11,stella21@uol.com.br,2021-04-12T19:19:57,db-87.da.com,61.137.220.142,"Mozilla/5.0 (Macintosh; Intel Mac OS X 10 10_2) AppleWebKit/531.0 (KHTML, like Gecko) Chrome/28.0.820.0 Safari/531.0","Condomínio de da Mota
Jatobá
28010723 Moreira / AL","Diners Club / Carte Blanche
Amanda Moura
38591240477939 08/27
CVC: 580
",02/30
Dr. Fernando Costela,038.642.157-90,peixotodavi@gmail.com,2021-01-13T13:02:19,lt-28.teixeira.com,107.190.169.187,"Mozilla/5.0 (Linux; Android 9) AppleWebKit/535.0 (KHTML, like Gecko) Chrome/37.0.803.0 Safari/535.0","Sítio Maria Alice Sales, 45
Vila Paraíso
95936-301 Cunha de Freitas / RO","Discover
João Pedro Mendes
6011797187749390 08/28
CVC: 215
",06/31
Stephany Pereira,628.471.509-94,brenomoura@da.com,2021-04-05T19:19:12,desktop-89.fogaca.br,179.6.208.20,"Mozilla/5.0 (iPhone; CPU iPhone OS 10_3_3 like Mac OS X) AppleWebKit/536.1 (KHTML, like Gecko) CriOS/56.0.848.0 Mobile/06C608 Safari/536.1","Setor Bianca Costa, 694
São Lucas
05698615 Viana do Norte / PA","VISA 16 digit
Igor Souza
4242718922489007 11/30
CVC: 957
",04/30
Fernando Duarte,156.794.823-55,eduardada-mata@yahoo.com.br,2021-07-27T08:35:02,db-07.lopes.com,101.74.103.200,"Mozilla/5.0 (Windows NT 10.0) AppleWebKit/532.0 (KHTML, like Gecko) Chrome/28.0.886.0 Safari/532.0","Avenida Rafaela Santos, 36
Conjunto Celso Machado
55631-407 da Mota / RN","Discover
Cecília Cardoso
6011994853367108 06/27
CVC: 446
",09/30
Mirella Pereira,173.609.245-61,carvalholuna@da.org,2021-01-09T03:27:09,srv-83.caldeira.org,156.79.21.27,"Mozilla/5.0 (Macintosh; U; Intel Mac OS X 10 8_3) AppleWebKit/533.0 (KHTML, like Gecko) Chrome/24.0.892.0 Safari/533.0","Feira Peixoto
Conjunto São Francisco De Assis
00280-341 Rodrigues de Minas / PA","VISA 13 digit
Maria Luiza Moreira
4838562722917 04/27
CVC: 050
",09/24
Davi Novaes,962.187.350-95,yuri59@uol.com.br,2021-04-25T01:19:47,srv-68.barros.com,197.38.221.241,"Mozilla/5.0 (Macintosh; U; Intel Mac OS X 10 6_6) AppleWebKit/532.1 (KHTML, like Gecko) Chrome/23.0.868.0 Safari/532.1","Aeroporto de Costela, 83
Laranjeiras
80180018 Cardoso / DF","VISA 16 digit
Bernardo Cunha
4318686525512757 10/26
CVC: 582
",01/28
Dr. Raul Ramos,597.428.106-30,barrosyuri@gomes.br,2021-06-15T09:33:38,laptop-13.moreira.org,182.93.73.35,"Mozilla/5.0 (X11; Linux x86_64) AppleWebKit/533.2 (KHTML, like Gecko) Chrome/20.0.819.0 Safari/533.2","Condomínio Duarte, 17
Nossa Senhora De Fátima
45085-571 Jesus do Norte / SC","JCB 15 digit
Rafaela Cunha
180053143297464 02/23
CVC: 153
",07/25
Sr. Yago Lima,198.762.034-87,fariaserick@gmail.com,2021-07-16T13:11:43,desktop-21.da.br,223.188.20.183,"Mozilla/5.0 (X11; Linux i686) AppleWebKit/533.0 (KHTML, like Gecko) Chrome/24.0.893.0 Safari/533.0","Praça de Costela, 17
Vila Boa Vista
76173257 Campos / RO","VISA 19 digit
Giovanna Teixeira
4908382700153784569 05/31
CVC: 197
",09/21
Larissa da Mota,017.269.843-03,nathanfreitas@da.br,2021-05-01T08:50:30,desktop-97.das.br,179.41.175.204,"Mozilla/5.0 (Linux; Android 3.1) AppleWebKit/536.1 (KHTML, like Gecko) Chrome/17.0.872.0 Safari/536.1","Vereda Calebe Silveira, 80
Das Industrias I
00184960 Rezende / BA","VISA 16 digit
Vitória da Mota
4422521002238365 01/26
CVC: 825
",04/29
Vitor Gabriel Carvalho,127.395.486-64,evelynfarias@gmail.com,2021-01-15T05:55:48,db-42.dias.com,69.231.167.145,"Mozilla/5.0 (X11; Linux i686) AppleWebKit/533.1 (KHTML, like Gecko) Chrome/45.0.804.0 Safari/533.1","Trevo João Gabriel Farias, 94
Vila Paquetá
95985-606 Ramos / MG","JCB 16 digit
Carolina Lima
3566202825650205 05/28
CVC: 252
",08/27
Lucas da Conceição,213.759.086-77,ryanda-cunha@jesus.com,2021-05-16T08:46:24,web-18.almeida.br,96.18.243.184,"Mozilla/5.0 (X11; Linux i686) AppleWebKit/534.2 (KHTML, like Gecko) Chrome/61.0.843.0 Safari/534.2","Residencial da Rosa, 31
Pompéia
10794-740 Nascimento / AM","American Express
Murilo da Cunha
375124535764786 09/23
CID: 7228
",04/29
Olivia da Luz,427.813.065-17,cardososofia@uol.com.br,2021-02-14T04:23:10,web-82.da.br,54.124.234.254,"Mozilla/5.0 (Windows NT 5.2) AppleWebKit/536.0 (KHTML, like Gecko) Chrome/55.0.885.0 Safari/536.0","Quadra Fogaça
Maria Virgínia
37048472 da Cruz / PB","VISA 19 digit
Maria Clara Rodrigues
4389139474719877452 11/30
CVC: 416
",04/28
Sr. Luiz Gustavo Ramos,825.169.074-94,jcampos@uol.com.br,2021-05-17T19:24:58,laptop-64.moreira.br,53.106.87.221,"Mozilla/5.0 (X11; Linux i686) AppleWebKit/534.2 (KHTML, like Gecko) Chrome/43.0.895.0 Safari/534.2","Trecho Camila Costela, 7
Vila Paquetá
76910-159 Mendes / GO","JCB 16 digit
Ana Luiza Souza
3545326299242573 05/30
CVC: 222
",07/30
Dra. Larissa Martins,032.684.197-04,joao-gabrielda-mata@gmail.com,2021-05-13T09:43:48,lt-12.vieira.br,143.227.7.227,"Mozilla/5.0 (X11; Linux x86_64) AppleWebKit/534.0 (KHTML, like Gecko) Chrome/23.0.804.0 Safari/534.0","Pátio de Cunha, 98
Vila Cloris
88488-853 Melo Alegre / TO","VISA 16 digit
Rafael Correia
4369716048662165 12/23
CVC: 652
",01/31
Bianca Peixoto,408.271.639-40,da-matamaria@duarte.net,2021-08-11T17:37:25,lt-44.nogueira.net,212.105.53.104,"Mozilla/5.0 (Macintosh; Intel Mac OS X 10 6_1) AppleWebKit/536.2 (KHTML, like Gecko) Chrome/15.0.854.0 Safari/536.2","Alameda de Aragão, 441
Vila São Rafael
02855-806 da Mota / SP","Maestro
Lorenzo Rocha
630452436862 12/23
CVV: 110
",12/26
Dr. Heitor Cardoso,073.861.459-93,wfarias@aragao.br,2021-04-13T09:10:33,db-17.fogaca.br,175.119.124.141,"Mozilla/5.0 (X11; Linux x86_64) AppleWebKit/532.1 (KHTML, like Gecko) Chrome/37.0.859.0 Safari/532.1","Vale Barros, 91
Vila Primeiro De Maio
63622486 Pereira Paulista / PI","VISA 16 digit
Eduarda Pires
4643579773727100 09/22
CVC: 818
",11/28
Sr. André da Mata,354.107.296-25,lunalopes@bol.com.br,2021-01-31T03:07:53,laptop-77.da.com,40.110.238.255,"Mozilla/5.0 (iPhone; CPU iPhone OS 7_1_2 like Mac OS X) AppleWebKit/535.1 (KHTML, like Gecko) CriOS/26.0.813.0 Mobile/50E168 Safari/535.1","Fazenda Jesus, 732
Túnel De Ibirité
35117267 Viana dos Dourados / RS","JCB 16 digit
João Pedro Novaes
3552206255468711 10/28
CVC: 823
",12/21
Ian Alves,375.621.940-25,ramosleonardo@ig.com.br,2021-05-18T17:23:22,laptop-50.da.br,195.167.113.13,"Mozilla/5.0 (Windows NT 5.01) AppleWebKit/535.2 (KHTML, like Gecko) Chrome/55.0.813.0 Safari/535.2","Trevo Araújo, 75
Minaslandia
94244-880 Lopes do Galho / MA","JCB 16 digit
Evelyn Cunha
3594245768616952 01/24
CVC: 851
",11/23
Elisa da Conceição,197.832.654-82,lucas-gabrielsilveira@bol.com.br,2021-05-21T21:08:36,lt-51.da.com,85.249.220.171,"Mozilla/5.0 (X11; Linux i686) AppleWebKit/536.2 (KHTML, like Gecko) Chrome/56.0.801.0 Safari/536.2","Via de da Rosa, 497
Vila Fumec
32143810 Martins de Duarte / MS","Discover
Davi Luiz Costa
6011618134232308 07/24
CVC: 566
",10/22
Lara Novaes,029.641.785-85,sophianovaes@vieira.br,2021-08-09T06:14:49,srv-82.pereira.br,95.5.152.179,"Mozilla/5.0 (Macintosh; PPC Mac OS X 10 7_4) AppleWebKit/531.1 (KHTML, like Gecko) Chrome/23.0.855.0 Safari/531.1","Colônia Raquel Cunha, 7
Marmiteiros
95608-992 Farias das Pedras / RS","VISA 16 digit
Alexandre da Costa
4708782158633784 10/24
CVC: 357
",03/29
Isabel Correia,025.937.461-06,bruna77@pereira.com,2021-03-07T04:12:09,laptop-89.ramos.com,220.166.44.2,"Mozilla/5.0 (iPhone; CPU iPhone OS 14_2_1 like Mac OS X) AppleWebKit/535.2 (KHTML, like Gecko) CriOS/32.0.896.0 Mobile/73D024 Safari/535.2","Campo Novaes, 15
São Pedro
57718-610 Freitas / AL","VISA 13 digit
Luiz Felipe Azevedo
4995467022445 04/30
CVC: 561
",06/24
Emanuelly Teixeira,460.871.239-03,rodrigo71@correia.com,2021-07-15T07:23:41,web-24.nogueira.com,80.4.13.165,"Mozilla/5.0 (Macintosh; PPC Mac OS X 10 5_9) AppleWebKit/533.0 (KHTML, like Gecko) Chrome/25.0.843.0 Safari/533.0","Loteamento Yasmin Dias
Alta Tensão 1ª Seção
59510-143 Martins / PB","VISA 16 digit
Pedro Henrique Mendes
4770211127245689 03/28
CVC: 242
",11/24
Igor Melo,629.315.047-34,moreiranicolas@uol.com.br,2021-05-11T19:18:24,db-93.teixeira.com,119.161.123.211,"Mozilla/5.0 (iPad; CPU iPad OS 12_4_8 like Mac OS X) AppleWebKit/534.2 (KHTML, like Gecko) CriOS/37.0.809.0 Mobile/23S963 Safari/534.2","Estrada João Pedro da Mata
Conjunto Santa Maria
02744-819 Alves de Goiás / MS","VISA 13 digit
Rafaela da Luz
4382860790813 03/29
CVC: 954
",04/24
Sr. Luiz Miguel Vieira,093.162.584-05,garaujo@bol.com.br,2021-06-02T08:15:36,email-16.moura.br,153.227.166.63,"Mozilla/5.0 (iPad; CPU iPad OS 10_3_3 like Mac OS X) AppleWebKit/531.1 (KHTML, like Gecko) CriOS/27.0.849.0 Mobile/35M077 Safari/531.1","Praça Calebe da Mata, 85
Paquetá
09754524 Cunha / PI","Mastercard
Ana Sophia Mendes
2242355907999777 11/22
CVV: 045
",12/27
Dra. Nicole Costa,381.427.560-80,rda-cruz@yahoo.com.br,2021-02-05T05:56:05,laptop-40.da.com,22.239.37.21,"Mozilla/5.0 (Windows NT 10.0) AppleWebKit/534.2 (KHTML, like Gecko) Chrome/40.0.879.0 Safari/534.2","Travessa de Oliveira, 59
Jatobá
94469-031 Silva / RJ","JCB 16 digit
Kamilly Cardoso
3595241232496294 03/26
CVC: 830
",01/28
Theo da Paz,581.247.093-60,luiz-otavio22@carvalho.com,2021-05-10T08:11:39,email-53.barbosa.org,201.211.103.1,"Mozilla/5.0 (X11; Linux i686) AppleWebKit/532.1 (KHTML, like Gecko) Chrome/18.0.846.0 Safari/532.1","Largo Nicole Moreira, 67
Ernesto Nascimento
43454047 Costela / PE","JCB 15 digit
Thales da Rosa
180034824991476 04/29
CVC: 149
",02/28
Dra. Emilly Silva,148.539.276-46,nicoleda-luz@barbosa.br,2021-05-13T03:37:53,email-20.moura.br,111.200.200.193,"Mozilla/5.0 (X11; Linux x86_64) AppleWebKit/531.2 (KHTML, like Gecko) Chrome/47.0.822.0 Safari/531.2","Viela Melissa Jesus, 22
Vila Formosa
05918771 Freitas / PE","VISA 13 digit
Davi Lucca Fernandes
4126442707476 02/30
CVC: 591
",07/30
Dr. André Porto,807.461.925-76,ramoslarissa@ig.com.br,2021-07-27T16:54:04,srv-20.sales.com,211.66.43.59,"Mozilla/5.0 (Macintosh; U; Intel Mac OS X 10 10_8) AppleWebKit/534.1 (KHTML, like Gecko) Chrome/44.0.837.0 Safari/534.1","Vereda Gonçalves, 2
Olhos D'água
75466-138 Ferreira Verde / TO","Discover
Bianca Fernandes
6535969861847470 01/24
CVC: 200
",08/29
Rafaela Cunha,805.126.397-95,olivia43@ig.com.br,2021-05-26T13:20:32,email-53.nascimento.com,79.254.226.75,"Mozilla/5.0 (X11; Linux i686) AppleWebKit/534.2 (KHTML, like Gecko) Chrome/33.0.888.0 Safari/534.2","Morro Ana Júlia Lima, 4
Tupi A
71130547 Porto / RO","JCB 16 digit
Paulo Nogueira
3574156813625886 09/30
CVC: 176
",12/23
Dr. Levi Fogaça,503.146.297-34,fcardoso@fogaca.org,2021-02-17T09:47:44,email-50.martins.com,210.213.201.70,"Mozilla/5.0 (X11; Linux x86_64) AppleWebKit/534.2 (KHTML, like Gecko) Chrome/30.0.867.0 Safari/534.2","Estação da Rosa
São Sebastião
92287627 Monteiro da Mata / RS","VISA 16 digit
Bryan Souza
4069070425645531 10/23
CVC: 977
",06/30
Cecília Souza,412.573.960-99,maria-julianascimento@bol.com.br,2021-01-08T09:09:40,srv-71.melo.org,113.18.237.156,"Mozilla/5.0 (X11; Linux x86_64) AppleWebKit/533.1 (KHTML, like Gecko) Chrome/55.0.895.0 Safari/533.1","Praia Martins, 87
Vila Inestan
23177714 Silva / RS","VISA 16 digit
Ana Lívia Nogueira
4698621118190661 03/22
CVC: 134
",11/28
Henrique Rodrigues,785.102.693-86,pedro-lucas53@uol.com.br,2021-02-19T08:17:12,desktop-68.monteiro.com,196.134.102.84,"Mozilla/5.0 (Linux; Android 3.2.5) AppleWebKit/531.2 (KHTML, like Gecko) Chrome/49.0.873.0 Safari/531.2","Jardim de Silva
Vila Primeiro De Maio
40722-568 Nascimento / RO","Diners Club / Carte Blanche
Mariana Moura
30206149547090 05/23
CVC: 727
",09/27
Julia da Conceição,715.894.036-57,caldeiraeduarda@uol.com.br,2021-08-14T09:15:31,laptop-33.araujo.com,135.246.132.55,"Mozilla/5.0 (iPad; CPU iPad OS 7_1_2 like Mac OS X) AppleWebKit/536.2 (KHTML, like Gecko) CriOS/43.0.890.0 Mobile/07I389 Safari/536.2","Quadra da Conceição
Goiania
80004-068 Cardoso dos Dourados / AM","American Express
Rafael Cardoso
343923705040417 07/28
CID: 0872
",12/23
Isabel da Cruz,065.814.739-01,sjesus@da.net,2021-02-25T13:12:25,desktop-24.moreira.br,23.36.226.200,"Mozilla/5.0 (Windows NT 5.01) AppleWebKit/534.1 (KHTML, like Gecko) Chrome/19.0.864.0 Safari/534.1","Viaduto da Conceição, 921
Marieta 1ª Seção
98547575 Cunha / GO","Maestro
Isadora Araújo
639075628730 08/23
CVV: 684
",01/28
Luana Fogaça,590.132.486-24,maria35@hotmail.com,2021-05-08T06:03:17,srv-81.monteiro.net,55.184.75.63,"Mozilla/5.0 (X11; Linux i686) AppleWebKit/534.0 (KHTML, like Gecko) Chrome/44.0.810.0 Safari/534.0","Viela Olivia Dias, 65
Santa Lúcia
80302-967 Castro / GO","Discover
Marcela Nascimento
6011965408255394 06/26
CVC: 084
",09/22
Maria Julia Cardoso,609.874.251-02,larissa85@lopes.net,2021-06-17T01:06:36,db-73.rocha.com,195.92.91.70,"Mozilla/5.0 (Windows NT 6.1) AppleWebKit/532.2 (KHTML, like Gecko) Chrome/44.0.850.0 Safari/532.2","Recanto de Melo, 42
São Salvador
41353-467 Gonçalves / AM","VISA 13 digit
Agatha Duarte
4848271626333 09/22
CVC: 371
",04/29
Lorena Costela,503.679.821-02,enzo84@hotmail.com,2021-04-16T04:52:06,srv-14.oliveira.net,125.170.71.126,"Mozilla/5.0 (X11; Linux x86_64) AppleWebKit/531.1 (KHTML, like Gecko) Chrome/58.0.807.0 Safari/531.1","Residencial Nogueira, 1
Conjunto Serra Verde
61546169 Sales / AP","Diners Club / Carte Blanche
Bárbara da Mata
30112294139842 02/23
CVC: 471
",05/23
Isabel Pereira,790.643.825-65,henriqueda-rocha@hotmail.com,2021-06-15T15:10:17,laptop-45.ribeiro.com,164.194.147.146,"Mozilla/5.0 (iPhone; CPU iPhone OS 14_2 like Mac OS X) AppleWebKit/532.1 (KHTML, like Gecko) CriOS/26.0.878.0 Mobile/18O223 Safari/532.1","Via de Mendes, 66
Boa Viagem
03781-522 Gonçalves dos Dourados / PI","Discover
Emanuelly Cardoso
6553792715035192 07/31
CVC: 547
",08/26
Maria Eduarda Castro,784.206.935-29,gda-paz@melo.com,2021-05-10T17:49:58,srv-99.freitas.br,203.118.239.188,"Mozilla/5.0 (Macintosh; U; Intel Mac OS X 10 8_9) AppleWebKit/534.0 (KHTML, like Gecko) Chrome/35.0.897.0 Safari/534.0","Núcleo Larissa Moraes, 702
Nova Pampulha
03358-798 Farias / PB","JCB 15 digit
Thales Caldeira
180052366591256 12/29
CVC: 737
",04/28
Benjamin Freitas,507.962.143-52,otavionascimento@hotmail.com,2021-07-29T18:51:12,lt-14.silva.br,77.66.20.61,"Mozilla/5.0 (X11; Linux i686) AppleWebKit/533.1 (KHTML, like Gecko) Chrome/41.0.825.0 Safari/533.1","Praia de da Conceição, 6
Braúnas
54594-446 da Cruz / RN","VISA 19 digit
Leandro Ribeiro
4518622431504676224 01/23
CVC: 948
",09/30
Samuel Barbosa,173.920.465-43,vitor-gabriel40@araujo.org,2021-01-22T15:15:07,desktop-73.porto.br,173.246.208.109,"Mozilla/5.0 (Linux; Android 2.3.6) AppleWebKit/535.2 (KHTML, like Gecko) Chrome/30.0.837.0 Safari/535.2","Residencial de Correia, 47
Vila Ecológica
78675-537 Gonçalves / AC","American Express
Clarice da Conceição
379698177649609 12/25
CID: 4341
",08/26
Sr. Yuri Castro,097.182.546-76,ana89@pereira.com,2021-05-06T16:13:21,srv-07.melo.com,200.204.19.138,"Mozilla/5.0 (iPhone; CPU iPhone OS 9_3_5 like Mac OS X) AppleWebKit/531.1 (KHTML, like Gecko) CriOS/18.0.831.0 Mobile/31Y147 Safari/531.1","Esplanada Pedro Ferreira, 64
Vila Dos Anjos
03005744 Vieira / GO","Mastercard
João Vitor Caldeira
2705835499567298 12/30
CVV: 745
",12/24
Pietro Cunha,463.580.721-53,laviniacastro@yahoo.com.br,2021-02-03T07:16:51,laptop-34.teixeira.com,79.88.59.255,"Mozilla/5.0 (Linux; Android 4.0.4) AppleWebKit/532.1 (KHTML, like Gecko) Chrome/60.0.868.0 Safari/532.1","Parque Vitor Hugo Barbosa, 96
Nossa Senhora Da Conceição
63364-915 Duarte / RJ","JCB 16 digit
Alexandre das Neves
3511781543536388 01/25
CVC: 772
",03/22
Ana Júlia da Luz,746.329.085-92,afreitas@rocha.br,2021-03-20T12:18:36,laptop-83.goncalves.br,29.201.181.54,"Mozilla/5.0 (X11; Linux x86_64) AppleWebKit/533.0 (KHTML, like Gecko) Chrome/38.0.820.0 Safari/533.0","Campo Cardoso, 29
Petropolis
99560921 Rezende / RS","Mastercard
Erick Nunes
2598440604134462 09/26
CVV: 942
",10/28
Vicente Correia,837.501.694-20,ribeirocamila@hotmail.com,2021-04-08T17:48:49,email-41.da.br,189.47.90.22,"Mozilla/5.0 (Macintosh; PPC Mac OS X 10 9_2) AppleWebKit/531.2 (KHTML, like Gecko) Chrome/21.0.855.0 Safari/531.2","Estação Nascimento, 334
Aparecida 7ª Seção
02349-076 Vieira Verde / CE","VISA 16 digit
Augusto Aragão
4686038125947054 09/30
CVC: 876
",05/26
Camila Ramos,146.372.508-62,evelyn57@gmail.com,2021-02-08T17:01:08,desktop-26.almeida.net,162.32.41.104,"Mozilla/5.0 (iPhone; CPU iPhone OS 4_2_1 like Mac OS X) AppleWebKit/531.1 (KHTML, like Gecko) CriOS/53.0.894.0 Mobile/84D657 Safari/531.1","Praia de Peixoto
Tres Marias
11109-125 Alves / PR","JCB 15 digit
Kaique Viana
213152303295887 07/24
CVC: 328
",08/28
Enrico Fernandes,351.847.062-08,kcaldeira@hotmail.com,2021-07-27T14:57:45,srv-69.araujo.br,203.94.8.222,"Mozilla/5.0 (iPad; CPU iPad OS 6_1_6 like Mac OS X) AppleWebKit/534.2 (KHTML, like Gecko) CriOS/22.0.898.0 Mobile/93P449 Safari/534.2","Trevo da Paz, 31
Barão Homem De Melo 2ª Seção
46323025 Moraes da Serra / RO","VISA 16 digit
Bruna Rezende
4445305890060815 12/21
CVC: 609
",04/30
Ana Clara Cardoso,873.906.142-69,joaquim87@da.org,2021-01-07T00:28:12,lt-66.mendes.com,176.137.99.112,"Mozilla/5.0 (Windows NT 5.2) AppleWebKit/536.2 (KHTML, like Gecko) Chrome/47.0.871.0 Safari/536.2","Aeroporto de da Luz, 542
Lagoinha Leblon
18312-008 Teixeira do Galho / PI","VISA 16 digit
Beatriz Duarte
4862019065088220 02/31
CVC: 408
",05/25
Thomas da Rocha,701.853.294-97,mouralarissa@ig.com.br,2021-02-27T14:27:17,email-26.oliveira.com,113.134.246.216,"Mozilla/5.0 (iPad; CPU iPad OS 14_2_1 like Mac OS X) AppleWebKit/536.1 (KHTML, like Gecko) CriOS/63.0.884.0 Mobile/70V475 Safari/536.1","Morro Giovanna Duarte, 4
São Bento
69036966 Cardoso das Pedras / BA","Discover
Diego Correia
6011032249935948 07/30
CVC: 826
",05/31
Cauã Azevedo,263.475.890-10,mcunha@almeida.br,2021-02-06T02:38:40,lt-78.ribeiro.com,22.249.94.194,"Mozilla/5.0 (X11; Linux x86_64) AppleWebKit/535.2 (KHTML, like Gecko) Chrome/51.0.827.0 Safari/535.2","Praia Enzo Gabriel Caldeira, 160
Vila Nova Gameleira 2ª Seção
64958-021 Fernandes / RO","JCB 16 digit
Helena da Mota
3578193544206195 10/25
CVC: 700
",01/28
Júlia Cardoso,687.145.239-73,kfreitas@bol.com.br,2021-02-10T21:57:44,db-10.ferreira.net,185.84.134.7,"Mozilla/5.0 (iPhone; CPU iPhone OS 9_3_5 like Mac OS X) AppleWebKit/532.1 (KHTML, like Gecko) CriOS/21.0.852.0 Mobile/46S957 Safari/532.1","Parque de Pinto, 8
Mangabeiras
41490931 Teixeira de Goiás / CE","VISA 16 digit
Luiz Fernando Dias
4969639862534613 11/21
CVC: 049
",02/23
Maria Sophia da Rocha,486.510.937-48,qporto@yahoo.com.br,2021-05-19T06:30:58,web-40.costa.br,41.92.23.140,"Mozilla/5.0 (iPhone; CPU iPhone OS 10_3_3 like Mac OS X) AppleWebKit/532.2 (KHTML, like Gecko) CriOS/36.0.899.0 Mobile/87J698 Safari/532.2","Ladeira Carlos Eduardo Pires, 689
Santa Maria
12344-391 Carvalho / PA","Discover
Eduardo Freitas
6510032970396753 08/29
CVC: 818
",12/21
Mariane Araújo,807.961.523-30,ucampos@da.com,2021-02-27T14:42:42,email-23.moraes.com,171.104.132.62,"Mozilla/5.0 (X11; Linux i686) AppleWebKit/533.0 (KHTML, like Gecko) Chrome/48.0.874.0 Safari/533.0","Lagoa Valentina Martins, 35
Aparecida 7ª Seção
17237-103 Rezende de Minas / SP","American Express
Nina Pires
375762917805139 05/29
CID: 1314
",11/23
Cauã Teixeira,841.750.923-23,amanda27@ig.com.br,2021-03-08T08:25:20,lt-00.silveira.com,115.18.108.235,"Mozilla/5.0 (iPad; CPU iPad OS 10_3_3 like Mac OS X) AppleWebKit/534.2 (KHTML, like Gecko) CriOS/31.0.820.0 Mobile/59A692 Safari/534.2","Viela Barbosa, 572
Vila Minaslandia
40766-097 Porto Verde / SE","JCB 16 digit
Kamilly Viana
3582760529017229 07/26
CVC: 361
",06/23
Ana Lívia Moura,410.785.392-60,giovannasouza@silva.br,2021-01-30T12:42:38,web-00.cardoso.br,196.176.201.252,"Mozilla/5.0 (Windows 95) AppleWebKit/532.1 (KHTML, like Gecko) Chrome/43.0.807.0 Safari/532.1","Rodovia Pedro Oliveira, 12
São João Batista
97172077 Cardoso de Moraes / PE","Mastercard
Ana Júlia Barros
2624139977411501 03/22
CVV: 481
",02/27
Ana Júlia Pinto,106.348.795-10,tvieira@duarte.com,2021-03-22T22:27:29,desktop-97.carvalho.com,52.52.122.176,"Mozilla/5.0 (iPhone; CPU iPhone OS 14_2_1 like Mac OS X) AppleWebKit/532.2 (KHTML, like Gecko) CriOS/58.0.870.0 Mobile/52A398 Safari/532.2","Morro de Moraes, 605
Petropolis
71508935 Oliveira / RJ","American Express
João Pedro Silva
378747185350311 12/21
CID: 3643
",03/23
Dra. Emanuelly Aragão,169.580.327-21,enzo-gabriel86@hotmail.com,2021-04-12T02:32:22,srv-99.dias.com,219.158.130.75,"Mozilla/5.0 (Linux; Android 3.2.5) AppleWebKit/531.1 (KHTML, like Gecko) Chrome/45.0.841.0 Safari/531.1","Aeroporto de Souza, 83
Vila São Gabriel Jacui
47233-433 Pinto do Amparo / AL","JCB 15 digit
Daniel da Cunha
180007641932089 01/26
CVC: 503
",05/22
Samuel Correia,851.709.423-97,sda-cunha@silva.net,2021-06-20T20:56:27,db-78.rezende.com,65.191.166.67,"Mozilla/5.0 (X11; Linux x86_64) AppleWebKit/532.0 (KHTML, like Gecko) Chrome/27.0.829.0 Safari/532.0","Quadra da Cunha
Atila De Paiva
04968249 Jesus / RR","Diners Club / Carte Blanche
João Felipe Duarte
30030773998902 01/22
CVC: 338
",02/23
Gustavo Pereira,398.205.461-33,maria-eduardaramos@rodrigues.com,2021-05-22T20:45:57,web-35.pereira.net,149.229.144.176,"Mozilla/5.0 (iPad; CPU iPad OS 12_4_8 like Mac OS X) AppleWebKit/532.2 (KHTML, like Gecko) CriOS/15.0.883.0 Mobile/09S990 Safari/532.2","Quadra de Araújo, 342
Boa União 2ª Seção
80413411 da Mota da Prata / AP","JCB 16 digit
Ana Clara Carvalho
3527419574501383 03/27
CVC: 088
",04/28
Diogo Gonçalves,621.059.873-03,ycunha@costela.com,2021-02-16T16:43:04,email-44.goncalves.br,70.84.195.69,"Mozilla/5.0 (Linux; Android 5.1.1) AppleWebKit/531.2 (KHTML, like Gecko) Chrome/61.0.883.0 Safari/531.2","Esplanada Renan Viana
Vila São Paulo
98145559 Aragão das Pedras / RS","Mastercard
Melissa Correia
5408507202074283 04/24
CVV: 820
",05/29
João Guilherme Jesus,230.485.917-88,leticiavieira@hotmail.com,2021-06-09T22:41:46,laptop-93.silva.br,96.35.207.161,"Mozilla/5.0 (Windows NT 10.0) AppleWebKit/531.2 (KHTML, like Gecko) Chrome/63.0.861.0 Safari/531.2","Praça Araújo, 25
Tupi B
03248082 Peixoto do Galho / AL","VISA 16 digit
Lorena Nascimento
4747670834369472 12/28
CVC: 550
",04/25
Marcelo Gonçalves,426.073.591-80,pietrocunha@nunes.com,2021-03-26T21:29:48,web-39.freitas.br,56.170.138.201,"Mozilla/5.0 (Windows NT 6.0) AppleWebKit/531.0 (KHTML, like Gecko) Chrome/44.0.830.0 Safari/531.0","Colônia Lavínia Vieira, 5
Lagoinha
73619-717 Viana dos Dourados / RR","VISA 16 digit
Isaac Almeida
4838880830573403 02/26
CVC: 057
",04/29
João Felipe Costela,815.239.046-15,pda-mota@carvalho.com,2021-04-08T18:13:00,laptop-32.freitas.br,32.15.88.149,"Mozilla/5.0 (Macintosh; U; PPC Mac OS X 10 7_4) AppleWebKit/533.2 (KHTML, like Gecko) Chrome/24.0.813.0 Safari/533.2","Chácara Castro, 46
Pilar
00157-079 Araújo de Minas / AL","American Express
Gabriel Oliveira
345619762387349 09/26
CID: 4765
",05/23
Ana Julia Viana,807.932.546-47,teixeiraisadora@gmail.com,2021-06-29T02:15:42,email-51.pereira.com,199.172.254.16,"Mozilla/5.0 (X11; Linux x86_64) AppleWebKit/534.1 (KHTML, like Gecko) Chrome/59.0.805.0 Safari/534.1","Via de Azevedo, 720
Vila Santa Rosa
48852120 Campos / SP","Mastercard
Alexia Fogaça
2261644874120608 11/22
CVV: 052
",05/25
Luigi Monteiro,846.937.105-39,vitor-hugosilveira@gmail.com,2021-04-22T14:27:36,lt-55.costa.net,104.85.233.113,"Mozilla/5.0 (Windows NT 5.2) AppleWebKit/535.2 (KHTML, like Gecko) Chrome/21.0.860.0 Safari/535.2","Morro Ryan Nogueira, 65
Camponesa 2ª Seção
67155028 Nascimento de Martins / BA","VISA 16 digit
Isabelly da Mata
4303825307459020 01/23
CVC: 867
",07/29
Sr. Heitor Santos,265.974.130-16,melissa57@uol.com.br,2021-08-09T17:15:34,web-93.da.br,216.182.37.242,"Mozilla/5.0 (iPhone; CPU iPhone OS 12_4_8 like Mac OS X) AppleWebKit/536.2 (KHTML, like Gecko) CriOS/29.0.833.0 Mobile/58G952 Safari/536.2","Largo de Teixeira, 49
Oeste
53027-309 Caldeira / PE","VISA 13 digit
Eduarda Farias
4335300587124 11/29
CVC: 646
",11/24
Marcela Nunes,423.810.956-24,brenda63@duarte.net,2021-04-19T01:38:02,db-68.lopes.org,192.158.47.113,"Mozilla/5.0 (Macintosh; U; PPC Mac OS X 10 8_9) AppleWebKit/534.2 (KHTML, like Gecko) Chrome/59.0.838.0 Safari/534.2","Recanto Cardoso, 333
Vila Santa Monica 2ª Seção
98724-403 Vieira / CE","VISA 16 digit
Bryan Duarte
4437422222701121 07/25
CVC: 937
",03/24
Valentina das Neves,812.693.574-09,ana-carolina08@ig.com.br,2021-08-17T05:24:35,desktop-11.goncalves.com,72.178.138.161,"Mozilla/5.0 (X11; Linux x86_64) AppleWebKit/531.0 (KHTML, like Gecko) Chrome/38.0.823.0 Safari/531.0","Aeroporto Ribeiro, 725
Barreiro
23622841 Sales / RN","Mastercard
Leandro Caldeira
5113407986720894 08/28
CVV: 046
",12/24
Gustavo Henrique Silveira,826.179.350-86,costelajoao-felipe@da.org,2021-08-06T01:00:47,srv-27.castro.com,49.60.105.224,"Mozilla/5.0 (X11; Linux i686) AppleWebKit/532.2 (KHTML, like Gecko) Chrome/60.0.822.0 Safari/532.2","Favela de Gomes, 792
Vila Madre Gertrudes 4ª Seção
92570788 Moreira Alegre / SP","VISA 16 digit
João Pedro Nunes
4469112916685893 05/29
CVC: 181
",06/30
Pedro Miguel Santos,382.596.014-51,cunhacaroline@caldeira.com,2021-07-04T03:39:24,email-01.novaes.org,89.78.201.210,"Mozilla/5.0 (Macintosh; U; PPC Mac OS X 10 11_9) AppleWebKit/534.2 (KHTML, like Gecko) Chrome/27.0.811.0 Safari/534.2","Largo de Gonçalves, 51
Milionario
85837478 Monteiro / PR","VISA 16 digit
Pedro Henrique Costela
4957332417705086 06/28
CVC: 691
",08/27
Natália Peixoto,213.708.456-26,moreiraleandro@da.org,2021-08-10T21:42:45,web-15.viana.br,92.196.144.36,"Mozilla/5.0 (X11; Linux i686) AppleWebKit/535.2 (KHTML, like Gecko) Chrome/38.0.867.0 Safari/535.2","Rodovia Melo, 74
Cidade Jardim Taquaril
15543664 Nunes de Goiás / PE","Mastercard
Nathan Cunha
5477015265896077 08/28
CVV: 374
",11/24
Vitor Hugo Nunes,650.398.712-95,pintoagatha@gmail.com,2021-05-10T10:17:15,email-45.rodrigues.com,170.108.22.69,"Mozilla/5.0 (Windows NT 5.1) AppleWebKit/533.1 (KHTML, like Gecko) Chrome/62.0.895.0 Safari/533.1","Parque Almeida, 62
Boa Viagem
20969-786 Dias da Prata / ES","American Express
Guilherme Cavalcanti
346777138839358 11/25
CID: 7653
",11/28
Benjamin Pinto,930.467.128-04,araujoisadora@gmail.com,2021-02-18T19:31:38,laptop-36.da.com,188.184.133.74,"Mozilla/5.0 (Macintosh; PPC Mac OS X 10 12_1) AppleWebKit/533.2 (KHTML, like Gecko) Chrome/29.0.843.0 Safari/533.2","Passarela de Teixeira, 3
Novo Tupi
93706195 Costa de Freitas / RJ","JCB 16 digit
Alice Sales
3506568446748484 10/22
CVC: 189
",01/28
Eloah Almeida,967.315.824-09,mouraesther@hotmail.com,2021-02-25T13:28:56,srv-24.costa.com,220.245.196.191,"Mozilla/5.0 (Macintosh; U; Intel Mac OS X 10 9_6) AppleWebKit/535.1 (KHTML, like Gecko) Chrome/24.0.842.0 Safari/535.1","Sítio de Rodrigues, 4
Coração De Jesus
92971-045 Nogueira das Pedras / PI","VISA 19 digit
Maria Luiza Ferreira
4725983083244940578 09/23
CVC: 207
",02/29
Nicolas Costa,975.486.032-74,theocosta@hotmail.com,2021-02-17T08:51:36,lt-56.fernandes.br,194.121.174.134,"Mozilla/5.0 (Linux; Android 2.3.1) AppleWebKit/533.2 (KHTML, like Gecko) Chrome/49.0.849.0 Safari/533.2","Viela de Ribeiro, 46
Planalto
97392-048 Nascimento do Norte / AP","VISA 16 digit
Alícia Lima
4333076111260972 05/24
CVC: 739
",11/23
Lavínia Rezende,346.092.718-69,ymendes@nogueira.com,2021-02-08T08:33:22,email-47.moreira.br,136.238.207.32,"Mozilla/5.0 (X11; Linux x86_64) AppleWebKit/532.1 (KHTML, like Gecko) Chrome/41.0.883.0 Safari/532.1","Rodovia de Gonçalves, 57
Santa Cruz
77081760 Mendes de Costa / DF","VISA 16 digit
Davi Lucca da Rocha
4522733633827230 01/29
CVC: 850
",02/24
Davi Caldeira,301.678.249-96,ryan53@novaes.net,2021-02-06T04:58:23,web-64.novaes.com,15.187.86.180,"Mozilla/5.0 (Windows NT 6.2) AppleWebKit/534.0 (KHTML, like Gecko) Chrome/43.0.881.0 Safari/534.0","Praça Moraes, 86
Graça
76505-166 Fernandes / PI","VISA 16 digit
Maria Vitória Teixeira
4349397228009397 10/24
CVC: 959
",12/23
Vitória da Conceição,057.498.613-84,fariasjuliana@bol.com.br,2021-01-06T05:43:13,email-92.dias.com,94.136.150.38,"Mozilla/5.0 (Windows NT 6.2) AppleWebKit/533.2 (KHTML, like Gecko) Chrome/51.0.829.0 Safari/533.2","Vale Fernandes, 78
Minas Brasil
90265372 Silva / PE","VISA 16 digit
Brenda da Cunha
4356949766246615 09/21
CVC: 946
",02/31
Juan da Rosa,520.871.439-60,davi-luizda-cunha@ig.com.br,2021-05-11T16:50:35,desktop-75.santos.br,106.38.10.87,"Mozilla/5.0 (Macintosh; Intel Mac OS X 10 6_5) AppleWebKit/535.0 (KHTML, like Gecko) Chrome/63.0.843.0 Safari/535.0","Viela Rafaela Almeida, 83
Palmares
35087-093 Moura de da Rocha / MA","JCB 15 digit
Maria Julia Silva
180072645237844 08/24
CVC: 819
",07/27
Bárbara Lima,968.051.234-70,da-costamaria-vitoria@ig.com.br,2021-05-19T19:09:50,laptop-90.rodrigues.com,130.92.101.235,"Mozilla/5.0 (X11; Linux x86_64) AppleWebKit/536.2 (KHTML, like Gecko) Chrome/63.0.849.0 Safari/536.2","Sítio Barbosa, 6
Alto Das Antenas
56010-770 Cardoso / MT","VISA 16 digit
Bianca Porto
4254775129287746 11/26
CVC: 817
",12/25
Yasmin Cardoso,127.850.943-79,ramossarah@rodrigues.net,2021-06-23T23:26:52,email-57.cunha.br,37.208.233.94,"Mozilla/5.0 (iPad; CPU iPad OS 6_1_6 like Mac OS X) AppleWebKit/534.2 (KHTML, like Gecko) CriOS/30.0.833.0 Mobile/49X677 Safari/534.2","Conjunto Kaique das Neves, 24
Vila São João Batista
90683037 Rocha de Sales / ES","VISA 13 digit
Maria Fernanda Novaes
4459750470795 03/24
CVC: 594
",11/27
Pietra Correia,024.976.813-50,rpinto@gmail.com,2021-06-24T14:23:43,web-72.pereira.org,40.250.8.232,"Mozilla/5.0 (Linux; Android 2.3) AppleWebKit/536.1 (KHTML, like Gecko) Chrome/20.0.884.0 Safari/536.1","Lago Monteiro, 56
Ribeiro De Abreu
51887-469 Sales / CE","Maestro
Lívia Monteiro
676367288757 09/25
CVV: 257
",01/27
Srta. Clara Almeida,749.263.518-46,estherda-conceicao@bol.com.br,2021-01-07T20:06:56,db-34.melo.br,20.149.111.189,"Mozilla/5.0 (Windows NT 6.0) AppleWebKit/532.2 (KHTML, like Gecko) Chrome/41.0.828.0 Safari/532.2","Travessa Cavalcanti, 49
Vila Copacabana
02868233 Souza do Sul / PE","JCB 16 digit
Alexia Carvalho
3565165665229664 01/30
CVC: 453
",08/23
Ana Laura Gomes,573.401.896-10,cardosojoao-miguel@gmail.com,2021-05-04T06:29:24,desktop-23.santos.org,89.116.109.246,"Mozilla/5.0 (X11; Linux i686) AppleWebKit/532.0 (KHTML, like Gecko) Chrome/30.0.875.0 Safari/532.0","Quadra Ana Carolina Rocha
Novo Tupi
05708-432 Farias / PI","Mastercard
Anthony Monteiro
5154700636639054 08/22
CVV: 002
",01/30
João Gabriel Cardoso,395.072.416-80,theo69@araujo.com,2021-07-09T17:37:15,email-34.fogaca.org,24.221.87.190,"Mozilla/5.0 (Windows 95) AppleWebKit/533.2 (KHTML, like Gecko) Chrome/62.0.826.0 Safari/533.2","Morro Viana, 96
Virgínia
44320-778 Barbosa / AP","VISA 16 digit
Rebeca Peixoto
4775023619500165 12/28
CVC: 595
",11/27
Theo Martins,527.689.401-94,daniela50@da.com,2021-04-11T01:58:49,db-00.souza.br,107.24.238.240,"Mozilla/5.0 (X11; Linux x86_64) AppleWebKit/535.0 (KHTML, like Gecko) Chrome/41.0.853.0 Safari/535.0","Alameda Vitor da Cunha, 35
Túnel De Ibirité
55817773 Duarte / ES","VISA 16 digit
Laura Ramos
4592665822443095 04/24
CVC: 621
",12/30
Isaac da Rosa,647.031.258-62,gomesbeatriz@farias.org,2021-06-20T14:21:51,lt-38.monteiro.com,189.171.73.182,"Mozilla/5.0 (iPhone; CPU iPhone OS 4_2_1 like Mac OS X) AppleWebKit/535.2 (KHTML, like Gecko) CriOS/32.0.896.0 Mobile/24R152 Safari/535.2","Viela Moraes
Vila Puc
96933-267 Novaes Paulista / AP","JCB 15 digit
Samuel Cunha
180035293926042 04/26
CVC: 434
",07/22
Eduarda Azevedo,380.715.642-90,joaquimferreira@almeida.br,2021-08-16T00:47:55,laptop-34.rocha.br,132.31.48.249,"Mozilla/5.0 (Macintosh; Intel Mac OS X 10 8_3) AppleWebKit/535.0 (KHTML, like Gecko) Chrome/41.0.843.0 Safari/535.0","Feira Stella Araújo, 43
Estoril
84666-432 Cardoso de Moura / MS","Diners Club / Carte Blanche
Rafaela da Rosa
30505162331179 10/25
CVC: 497
",12/22
André Porto,821.935.074-14,luana96@silveira.com,2021-07-03T20:50:37,desktop-65.moura.net,188.24.79.106,"Mozilla/5.0 (Macintosh; U; Intel Mac OS X 10 6_7) AppleWebKit/534.0 (KHTML, like Gecko) Chrome/59.0.841.0 Safari/534.0","Parque de da Rocha, 99
Vila São Gabriel
91065-146 Campos do Campo / MT","VISA 16 digit
Davi Campos
4037415306055822 09/30
CVC: 707
",04/27
Emilly Peixoto,975.038.462-83,goncalvesemanuel@ferreira.org,2021-01-30T10:36:45,web-79.freitas.net,196.25.103.159,"Mozilla/5.0 (Windows 98) AppleWebKit/533.0 (KHTML, like Gecko) Chrome/31.0.870.0 Safari/533.0","Travessa Costela, 927
Vila Batik
57611650 Jesus de Moraes / MG","VISA 19 digit
Ana Júlia Martins
4560077303673231713 12/28
CVC: 710
",09/21
Daniela Cardoso,275.301.896-03,peixotomatheus@yahoo.com.br,2021-06-19T02:49:18,srv-88.mendes.net,91.2.141.72,"Mozilla/5.0 (Windows 95) AppleWebKit/531.2 (KHTML, like Gecko) Chrome/35.0.883.0 Safari/531.2","Viela Castro
Vila Maria
09761-190 Cardoso do Oeste / RS","VISA 13 digit
Eduardo Aragão
4943097737115 09/26
CVC: 852
",04/31
Leonardo Costa,689.210.573-40,kmoreira@ferreira.br,2021-04-18T22:43:08,desktop-34.farias.br,199.97.20.254,"Mozilla/5.0 (Windows NT 4.0) AppleWebKit/533.0 (KHTML, like Gecko) Chrome/29.0.800.0 Safari/533.0","Viela de Alves, 15
Penha
67357301 Peixoto de Nogueira / RS","JCB 16 digit
Calebe Alves
3579344838494265 06/23
CVC: 555
",10/22
Alícia Santos,976.412.580-85,mcostela@ig.com.br,2021-04-09T10:56:00,web-54.rocha.br,23.36.222.176,"Mozilla/5.0 (X11; Linux x86_64) AppleWebKit/533.2 (KHTML, like Gecko) Chrome/28.0.803.0 Safari/533.2","Trecho de Rezende, 73
Aguas Claras
84793962 Viana / RN","VISA 16 digit
Arthur Lima
4850928829508584 07/25
CVC: 713
",07/27
João Gabriel Nogueira,293.418.675-09,ocastro@hotmail.com,2021-05-06T11:27:49,srv-23.rezende.br,161.110.175.38,"Mozilla/5.0 (X11; Linux x86_64) AppleWebKit/536.2 (KHTML, like Gecko) Chrome/19.0.819.0 Safari/536.2","Recanto de Costa, 21
Vila Da Ária
97183006 Monteiro Grande / AM","VISA 16 digit
Gabriela Fogaça
4219077231301851 09/28
CVC: 922
",12/28
João Vitor Gomes,169.804.735-57,eloahnascimento@porto.com,2021-08-04T05:28:29,lt-37.cardoso.org,119.173.4.186,"Mozilla/5.0 (Macintosh; U; Intel Mac OS X 10 10_0) AppleWebKit/531.1 (KHTML, like Gecko) Chrome/21.0.845.0 Safari/531.1","Alameda da Conceição, 82
Padre Eustáquio
28975-244 da Mota / MS","American Express
Isabelly Cardoso
349448576089313 02/30
CID: 3707
",04/30
Stella Almeida,395.714.206-70,da-costaeduarda@uol.com.br,2021-01-09T19:38:00,email-98.da.br,20.137.1.7,"Mozilla/5.0 (Linux; Android 2.0.1) AppleWebKit/533.1 (KHTML, like Gecko) Chrome/20.0.893.0 Safari/533.1","Travessa Melo, 4
Pilar
08758084 da Cruz / RJ","VISA 16 digit
Isadora Moraes
4551124776243241 09/29
CVC: 810
",09/30
Cauã Oliveira,849.327.605-74,gustavo-henriquejesus@aragao.net,2021-07-02T18:42:47,desktop-67.souza.br,32.8.69.28,"Mozilla/5.0 (Linux; Android 4.2) AppleWebKit/536.1 (KHTML, like Gecko) Chrome/36.0.869.0 Safari/536.1","Setor Pedro Henrique Santos, 1
Santa Margarida
37772173 Correia de da Mota / ES","Mastercard
Eduardo Nascimento
2480133787033160 12/27
CVV: 117
",12/21
Daniela Lima,279.836.415-91,rafaelacarvalho@azevedo.com,2021-01-16T07:06:52,db-28.moraes.net,135.139.115.131,"Mozilla/5.0 (Macintosh; PPC Mac OS X 10 7_7) AppleWebKit/532.2 (KHTML, like Gecko) Chrome/52.0.827.0 Safari/532.2","Fazenda de da Cruz, 15
Vila Sumaré
65573-273 Azevedo / TO","Mastercard
Diego Nunes
2282070445987041 01/23
CVV: 951
",04/23
Bernardo Ribeiro,261.475.890-67,eduardamoreira@gmail.com,2021-03-06T07:07:09,laptop-47.porto.br,131.23.183.181,"Mozilla/5.0 (iPad; CPU iPad OS 5_1_1 like Mac OS X) AppleWebKit/536.2 (KHTML, like Gecko) CriOS/48.0.820.0 Mobile/55H143 Safari/536.2","Avenida Azevedo
União
63808913 da Paz de Moreira / RR","JCB 16 digit
João Gabriel Monteiro
3581130997310665 03/28
CVC: 698
",02/26
Heloísa Almeida,726.318.054-53,ana-luizacunha@viana.net,2021-04-16T21:53:12,web-71.araujo.br,173.124.106.37,"Mozilla/5.0 (iPhone; CPU iPhone OS 14_2 like Mac OS X) AppleWebKit/532.0 (KHTML, like Gecko) CriOS/61.0.844.0 Mobile/60W987 Safari/532.0","Distrito de Santos, 48
Indaiá
52183850 Almeida dos Dourados / ES","JCB 15 digit
Emanuel Pereira
180066712210189 05/22
CVC: 345
",02/24
Gabrielly Novaes,748.326.951-00,ana-julia74@uol.com.br,2021-02-07T17:33:00,laptop-70.farias.org,6.11.10.138,"Mozilla/5.0 (Macintosh; PPC Mac OS X 10 11_6) AppleWebKit/534.2 (KHTML, like Gecko) Chrome/43.0.834.0 Safari/534.2","Sítio de Sales, 70
Vila Cloris
31488428 Pereira de Minas / MT","VISA 16 digit
João Gabriel das Neves
4212358260100050 01/22
CVC: 154
",02/23
Luiz Henrique Moreira,372.695.410-43,leandro44@silva.com,2021-05-24T22:43:25,laptop-05.da.com,189.167.231.253,"Mozilla/5.0 (Macintosh; U; Intel Mac OS X 10 12_0) AppleWebKit/535.0 (KHTML, like Gecko) Chrome/58.0.892.0 Safari/535.0","Lagoa Stella Nascimento, 86
Vila Nossa Senhora Do Rosário
73952373 Silveira / ES","Discover
Caroline Lopes
6583124393938105 06/27
CVC: 005
",11/24
Stella Campos,972.154.608-94,kdias@hotmail.com,2021-02-19T14:37:07,lt-65.freitas.net,38.181.98.136,"Mozilla/5.0 (Windows 98) AppleWebKit/534.1 (KHTML, like Gecko) Chrome/39.0.816.0 Safari/534.1","Pátio Costela, 26
Vista Alegre
94512456 Moreira / CE","VISA 16 digit
João Pedro Moreira
4226938237074845 02/29
CVC: 950
",04/25
Dr. Davi Lucca Gonçalves,439.870.521-04,rodrigomonteiro@nogueira.br,2021-07-23T21:52:51,lt-63.aragao.net,205.75.83.116,"Mozilla/5.0 (X11; Linux i686) AppleWebKit/531.2 (KHTML, like Gecko) Chrome/62.0.811.0 Safari/531.2","Rodovia Sophie Dias, 62
Vila Boa Vista
15212-378 Cardoso / RS","JCB 15 digit
Júlia Gomes
180039355411463 12/30
CVC: 444
",05/27
Dra. Maysa Sales,296.450.173-43,caio27@ig.com.br,2021-01-22T07:46:01,laptop-34.melo.net,212.133.89.58,"Mozilla/5.0 (Linux; Android 2.3.3) AppleWebKit/532.2 (KHTML, like Gecko) Chrome/39.0.821.0 Safari/532.2","Aeroporto Jesus
Vila Fumec
29454-023 Rezende / BA","Discover
Felipe Silveira
6532657647767772 11/21
CVC: 254
",11/27
Dr. Noah Carvalho,376.918.402-50,pietradias@gmail.com,2021-07-17T09:10:34,desktop-13.monteiro.com,63.107.204.149,"Mozilla/5.0 (iPhone; CPU iPhone OS 14_2 like Mac OS X) AppleWebKit/533.2 (KHTML, like Gecko) CriOS/37.0.834.0 Mobile/99V289 Safari/533.2","Campo Luiz Henrique Pinto, 7
Vila Da Amizade
32501501 Porto de Minas / BA","JCB 16 digit
Pedro Lucas Araújo
3505760553565154 11/24
CVC: 630
",07/23
Nina Rocha,802.763.514-44,rnunes@ig.com.br,2021-02-04T16:26:50,laptop-82.rocha.br,173.186.235.154,"Mozilla/5.0 (Macintosh; Intel Mac OS X 10 8_7) AppleWebKit/535.2 (KHTML, like Gecko) Chrome/36.0.819.0 Safari/535.2","Parque da Rocha, 69
Baleia
79024-625 Porto da Mata / PE","JCB 16 digit
Valentina Farias
3586612922717663 01/29
CVC: 109
",01/25
Otávio da Rocha,264.179.350-43,heitorcavalcanti@barbosa.br,2021-03-24T18:08:37,web-52.barros.com,167.190.139.176,"Mozilla/5.0 (Windows 98; Win 9x 4.90) AppleWebKit/533.2 (KHTML, like Gecko) Chrome/48.0.827.0 Safari/533.2","Ladeira de Freitas, 49
Vale Do Jatoba
32653-283 Freitas do Norte / PB","VISA 13 digit
Felipe Moreira
4258137208575 12/29
CVC: 833
",08/27
Stella da Mata,679.048.315-20,rafaelda-cruz@ferreira.org,2021-05-11T08:49:44,db-07.oliveira.com,76.219.68.138,"Mozilla/5.0 (Linux; Android 4.1.1) AppleWebKit/532.0 (KHTML, like Gecko) Chrome/30.0.846.0 Safari/532.0","Parque Laís da Cunha, 36
Mirante
36568-562 da Rocha do Sul / SC","VISA 13 digit
Enzo Rocha
4918871415583 03/27
CVC: 351
",12/24
Benjamin Cardoso,872.501.943-05,manuela05@gmail.com,2021-05-21T03:34:05,email-53.araujo.org,134.154.126.23,"Mozilla/5.0 (Linux; Android 4.2) AppleWebKit/531.0 (KHTML, like Gecko) Chrome/31.0.819.0 Safari/531.0","Morro Lopes
Gutierrez
14169-537 Fogaça / MA","JCB 16 digit
Eduarda Vieira
3558880427692079 10/25
CVC: 651
",02/23
Luiza Azevedo,483.512.697-19,cavalcantiesther@da.com,2021-02-03T11:18:54,srv-66.viana.br,138.27.150.48,"Mozilla/5.0 (iPad; CPU iPad OS 7_1_2 like Mac OS X) AppleWebKit/533.1 (KHTML, like Gecko) CriOS/60.0.848.0 Mobile/38H636 Safari/533.1","Rua Enzo Gabriel Jesus
Vila Independencia 1ª Seção
81131-662 Costa das Pedras / PR","JCB 16 digit
Leonardo Cavalcanti
3582581898081244 02/28
CVC: 935
",12/23
Thales Teixeira,532.860.791-03,pietra03@bol.com.br,2021-06-03T08:24:36,lt-22.dias.br,164.116.127.209,"Mozilla/5.0 (Windows NT 6.0) AppleWebKit/533.0 (KHTML, like Gecko) Chrome/60.0.850.0 Safari/533.0","Fazenda de Santos, 613
Conjunto Providencia
14677-034 Araújo / SP","JCB 16 digit
Lorenzo Nogueira
3511646936852934 07/28
CVC: 453
",08/24
Helena da Luz,742.630.918-50,da-pazmaria-fernanda@pires.com,2021-06-13T06:57:21,desktop-41.farias.com,51.21.129.49,"Mozilla/5.0 (Linux; Android 2.0.1) AppleWebKit/531.1 (KHTML, like Gecko) Chrome/37.0.826.0 Safari/531.1","Aeroporto Pinto, 80
Petropolis
94738239 Alves / RR","VISA 13 digit
Francisco Cunha
4237177498478 05/28
CVC: 212
",02/23
Sra. Joana Correia,749.816.350-01,pietroalmeida@gmail.com,2021-04-04T10:55:00,desktop-54.da.br,212.251.121.94,"Mozilla/5.0 (iPhone; CPU iPhone OS 7_1_2 like Mac OS X) AppleWebKit/531.0 (KHTML, like Gecko) CriOS/63.0.811.0 Mobile/77D549 Safari/531.0","Condomínio de Azevedo, 682
Sion
80387-240 Fogaça de Minas / RS","Mastercard
Renan Alves
2404885763141407 09/23
CVV: 950
",05/31
Maria Alice da Paz,586.192.734-00,oduarte@uol.com.br,2021-04-27T11:36:39,email-25.dias.net,112.152.205.227,"Mozilla/5.0 (Macintosh; PPC Mac OS X 10 5_4) AppleWebKit/532.1 (KHTML, like Gecko) Chrome/55.0.880.0 Safari/532.1","Avenida Monteiro, 7
Colégio Batista
01370-406 Lopes / AC","VISA 16 digit
Davi Lucas Moura
4104539612586044 04/30
CVC: 541
",06/30
Rafaela da Conceição,347.601.895-48,kporto@vieira.com,2021-05-14T04:32:23,lt-56.da.br,155.17.212.211,"Mozilla/5.0 (iPhone; CPU iPhone OS 12_4_8 like Mac OS X) AppleWebKit/533.1 (KHTML, like Gecko) CriOS/14.0.885.0 Mobile/85T487 Safari/533.1","Viaduto da Conceição, 4
Itaipu
97217231 Viana / SP","VISA 19 digit
Pedro Miguel Rodrigues
4956127712306244416 05/24
CVC: 647
",10/26
Catarina Ferreira,729.480.536-92,paulogoncalves@gmail.com,2021-07-27T12:42:55,db-73.da.com,48.75.0.180,"Mozilla/5.0 (Linux; Android 1.6) AppleWebKit/534.1 (KHTML, like Gecko) Chrome/41.0.821.0 Safari/534.1","Rodovia Freitas, 1
Vila Ouro Minas
26000149 Aragão / PI","Diners Club / Carte Blanche
Isaac Silva
30340870827577 03/22
CVC: 896
",03/29
Dra. Sabrina Duarte,283.074.915-41,barbosacalebe@bol.com.br,2021-02-23T06:38:00,srv-98.gomes.br,98.194.47.20,"Mozilla/5.0 (Linux; Android 2.3.6) AppleWebKit/535.1 (KHTML, like Gecko) Chrome/62.0.843.0 Safari/535.1","Rua Cardoso, 63
Horto Florestal
34676-113 Aragão / RJ","JCB 15 digit
Igor Pinto
180024818663405 03/24
CVC: 173
",10/27
Vitória Cavalcanti,940.352.681-51,pcosta@freitas.com,2021-03-26T08:24:51,lt-85.rodrigues.org,27.82.112.236,"Mozilla/5.0 (Linux; Android 7.1) AppleWebKit/532.2 (KHTML, like Gecko) Chrome/49.0.830.0 Safari/532.2","Via de Silva, 34
Mariano De Abreu
21253471 Fernandes Verde / MG","VISA 16 digit
Maitê Gonçalves
4530046758739993 11/24
CVC: 640
",07/23
Murilo Nunes,625.093.178-30,erocha@da.com,2021-03-10T01:59:41,web-07.nunes.com,196.134.54.140,"Mozilla/5.0 (Linux; Android 2.2.1) AppleWebKit/533.1 (KHTML, like Gecko) Chrome/42.0.814.0 Safari/533.1","Aeroporto de Aragão, 17
Flamengo
91376801 da Mota / SE","Discover
Henrique Nunes
6578757441845090 04/26
CVC: 726
",05/25
Camila Araújo,625.904.817-30,pcardoso@ig.com.br,2021-05-03T13:52:29,web-82.santos.br,64.232.109.20,"Mozilla/5.0 (iPad; CPU iPad OS 4_2_1 like Mac OS X) AppleWebKit/532.1 (KHTML, like Gecko) CriOS/32.0.824.0 Mobile/21O309 Safari/532.1","Recanto Souza, 76
Dona Clara
14576481 Cardoso das Flores / BA","VISA 16 digit
Alana Nogueira
4610113135809692 01/28
CVC: 529
",07/25
Sofia Barbosa,014.356.827-26,theonunes@das.com,2021-07-05T12:33:18,web-39.da.br,85.50.133.9,"Mozilla/5.0 (Windows CE) AppleWebKit/535.2 (KHTML, like Gecko) Chrome/58.0.841.0 Safari/535.2","Largo Mendes, 565
Vila Madre Gertrudes 4ª Seção
24957626 Sales / SP","JCB 15 digit
Ryan Almeida
213105621368281 03/29
CVC: 700
",08/24
Helena Ferreira,817.935.620-59,hda-rocha@gmail.com,2021-01-06T19:24:37,laptop-15.da.com,150.254.127.107,"Mozilla/5.0 (Macintosh; U; PPC Mac OS X 10 12_8) AppleWebKit/534.2 (KHTML, like Gecko) Chrome/57.0.868.0 Safari/534.2","Rua Carolina Pires
Monsenhor Messias
94789648 Melo / RN","Diners Club / Carte Blanche
Cauê Martins
38053671987894 01/31
CVC: 622
",07/25
Maria Almeida,794.601.823-13,esales@yahoo.com.br,2021-04-04T18:53:21,db-39.correia.com,48.74.130.224,"Mozilla/5.0 (Macintosh; PPC Mac OS X 10 6_0) AppleWebKit/534.1 (KHTML, like Gecko) Chrome/40.0.854.0 Safari/534.1","Setor Giovanna Fernandes, 262
Braúnas
66494551 Alves do Amparo / DF","VISA 16 digit
Gabrielly Souza
4918724305636142 04/30
CVC: 770
",03/30
Arthur da Mota,824.091.673-22,raquelmoura@da.com,2021-02-13T14:19:06,email-14.costela.br,92.38.248.232,"Mozilla/5.0 (Linux; Android 2.2.1) AppleWebKit/535.1 (KHTML, like Gecko) Chrome/29.0.873.0 Safari/535.1","Viela de Almeida, 53
Flavio Marques Lisboa
71080-959 Peixoto dos Dourados / AM","Mastercard
Vitor Gabriel Oliveira
2237756530978673 09/25
CVV: 129
",05/31
Gabriel Monteiro,312.786.405-17,milenaaraujo@hotmail.com,2021-05-09T03:18:20,db-39.fernandes.br,218.147.17.91,"Mozilla/5.0 (X11; Linux i686) AppleWebKit/536.2 (KHTML, like Gecko) Chrome/24.0.890.0 Safari/536.2","Recanto Luiz Otávio Gomes, 7
Vila Fumec
22516-393 Nogueira de da Paz / MA","Maestro
André da Rosa
675980036965 09/27
CVV: 568
",12/28
Caroline da Paz,937.014.658-00,scorreia@gmail.com,2021-08-17T06:12:28,db-42.da.net,142.184.165.206,"Mozilla/5.0 (Windows 95) AppleWebKit/535.2 (KHTML, like Gecko) Chrome/18.0.837.0 Safari/535.2","Colônia Breno Almeida, 400
Paulo Vi
33189466 Alves do Campo / BA","Maestro
Luiz Fernando Aragão
676193413868 05/30
CVV: 088
",11/24
Rebeca Costela,485.903.162-89,cfreitas@silveira.br,2021-01-22T12:41:42,desktop-54.silva.br,128.239.63.188,"Mozilla/5.0 (Linux; Android 5.0) AppleWebKit/533.1 (KHTML, like Gecko) Chrome/24.0.880.0 Safari/533.1","Ladeira Castro, 33
Parque São Pedro
88672722 Carvalho / RR","VISA 13 digit
Noah Nunes
4992788118077 03/31
CVC: 107
",01/31
Srta. Isis Fernandes,086.375.921-12,zsilveira@hotmail.com,2021-02-19T16:13:47,laptop-65.da.com,205.136.236.79,"Mozilla/5.0 (Windows NT 5.1) AppleWebKit/532.1 (KHTML, like Gecko) Chrome/50.0.834.0 Safari/532.1","Travessa de Vieira, 28
Santa Sofia
72946572 Monteiro do Oeste / MG","JCB 16 digit
João Rodrigues
3575501409779184 05/29
CVC: 772
",08/28
Diego Monteiro,549.612.738-64,qda-mata@ig.com.br,2021-01-10T11:14:32,email-62.farias.com,26.161.170.189,"Mozilla/5.0 (Windows 95) AppleWebKit/531.2 (KHTML, like Gecko) Chrome/28.0.800.0 Safari/531.2","Vila de Alves, 322
Santa Rita De Cássia
80536929 Sales / PI","JCB 16 digit
Heloísa Ribeiro
3533414797455642 05/26
CVC: 678
",11/27
Rafael Aragão,983.015.746-66,leandroalmeida@hotmail.com,2021-02-14T22:19:02,email-80.novaes.br,69.123.68.110,"Mozilla/5.0 (iPad; CPU iPad OS 5_1_1 like Mac OS X) AppleWebKit/532.1 (KHTML, like Gecko) CriOS/23.0.818.0 Mobile/52W585 Safari/532.1","Avenida de Novaes, 14
Novo Santa Cecilia
11122-980 Dias do Campo / SP","JCB 16 digit
Isadora da Paz
3539275910202417 12/24
CVC: 881
",07/26
Rafael da Mota,648.107.935-75,gjesus@teixeira.com,2021-04-13T18:29:37,db-76.nogueira.org,153.132.211.16,"Mozilla/5.0 (iPhone; CPU iPhone OS 12_4_8 like Mac OS X) AppleWebKit/536.1 (KHTML, like Gecko) CriOS/34.0.838.0 Mobile/01C175 Safari/536.1","Trecho de Cavalcanti
Vila Aeroporto
47968890 Costela de da Cunha / AC","VISA 16 digit
Camila Rocha
4755265951252665 06/25
CVC: 072
",02/27
Ian Nascimento,014.957.683-84,wpires@lopes.br,2021-01-05T21:15:53,desktop-81.nascimento.org,171.253.59.154,"Mozilla/5.0 (X11; Linux i686) AppleWebKit/533.2 (KHTML, like Gecko) Chrome/51.0.896.0 Safari/533.2","Condomínio Vitor Hugo Almeida, 697
Conjunto Serra Verde
35779665 Vieira de da Costa / AL","American Express
Daniel Cardoso
344943436973362 12/24
CID: 7173
",02/29
Maria Cecília da Costa,231.874.905-14,joao-miguel08@da.net,2021-03-22T22:22:17,db-81.barros.br,154.24.233.124,"Mozilla/5.0 (X11; Linux x86_64) AppleWebKit/531.1 (KHTML, like Gecko) Chrome/18.0.838.0 Safari/531.1","Travessa Correia, 794
Novo Santa Cecilia
37229084 Almeida da Prata / MS","JCB 16 digit
Renan Ribeiro
3581896535245890 12/27
CVC: 512
",08/24
Enzo Dias,160.279.438-31,daniela89@da.com,2021-03-13T00:19:35,db-19.barros.com,76.227.46.210,"Mozilla/5.0 (Windows NT 6.2) AppleWebKit/533.0 (KHTML, like Gecko) Chrome/52.0.895.0 Safari/533.0","Lago de Carvalho
Unidas
58402608 Moraes Grande / MA","VISA 16 digit
Antônio Rezende
4509873235545041 02/26
CVC: 859
",12/25
Valentina Vieira,634.201.789-13,correiapedro@uol.com.br,2021-06-12T11:56:58,laptop-30.moraes.com,142.239.82.223,"Mozilla/5.0 (Linux; Android 5.0.2) AppleWebKit/535.2 (KHTML, like Gecko) Chrome/52.0.894.0 Safari/535.2","Praça Giovanna da Costa, 8
Ventosa
99370664 da Cunha de Minas / MT","VISA 16 digit
Levi Carvalho
4787500324416528 09/25
CVC: 045
",08/23
Emanuelly Barbosa,391.802.657-40,juan78@bol.com.br,2021-05-20T06:47:31,email-47.jesus.br,15.240.28.21,"Mozilla/5.0 (Windows 98; Win 9x 4.90) AppleWebKit/535.2 (KHTML, like Gecko) Chrome/37.0.815.0 Safari/535.2","Área de da Rosa, 68
Prado
49829-473 Ferreira / MA","Discover
Melissa Dias
6011002507966661 05/28
CVC: 817
",12/30
Sra. Heloísa das Neves,580.374.169-84,da-rosajoao-guilherme@uol.com.br,2021-08-16T10:04:33,desktop-42.ramos.net,123.202.243.69,"Mozilla/5.0 (X11; Linux x86_64) AppleWebKit/531.2 (KHTML, like Gecko) Chrome/61.0.885.0 Safari/531.2","Viaduto Cardoso, 323
Castanheira
58864088 Nunes / BA","American Express
Maria Vitória Ferreira
377163053799681 07/24
CID: 0490
",09/21
Sr. Thiago Rezende,379.412.586-09,piresvicente@dias.net,2021-07-15T00:00:13,srv-42.gomes.br,68.72.107.88,"Mozilla/5.0 (Windows 98) AppleWebKit/534.1 (KHTML, like Gecko) Chrome/54.0.834.0 Safari/534.1","Praia de Costa
Vila De Sá
85252-184 Rocha de Lima / RO","Mastercard
Larissa Lima
5489996302754773 11/26
CVV: 248
",06/26
Bruna Lima,713.562.408-44,da-pazalicia@uol.com.br,2021-05-29T11:15:21,desktop-17.da.br,112.62.131.199,"Mozilla/5.0 (X11; Linux x86_64) AppleWebKit/536.0 (KHTML, like Gecko) Chrome/27.0.839.0 Safari/536.0","Núcleo Cardoso, 95
Araguaia
43169-519 Alves da Prata / AC","JCB 16 digit
Evelyn Souza
3534804914895150 10/22
CVC: 347
",03/24
Julia Costela,983.215.047-79,sda-conceicao@hotmail.com,2021-03-02T13:41:52,desktop-98.cardoso.br,106.184.104.201,"Mozilla/5.0 (Linux; Android 2.3.7) AppleWebKit/531.1 (KHTML, like Gecko) Chrome/53.0.809.0 Safari/531.1","Via de Rodrigues, 9
Boa Vista
83608-729 Ramos da Mata / PE","Discover
Luiz Henrique Melo
6011093706865911 01/28
CVC: 567
",09/26
Davi Lucas da Costa,216.870.354-07,barbaraaragao@gmail.com,2021-08-12T17:49:35,srv-22.da.br,135.78.143.98,"Mozilla/5.0 (Macintosh; U; PPC Mac OS X 10 9_1) AppleWebKit/532.0 (KHTML, like Gecko) Chrome/47.0.838.0 Safari/532.0","Lago de Mendes
Jardim São José
68393061 Nunes / SE","Diners Club / Carte Blanche
Gustavo Moura
30262397114166 10/27
CVC: 606
",03/24
Rebeca Jesus,468.901.537-66,ryansouza@da.br,2021-03-03T08:42:32,lt-60.mendes.org,209.174.238.245,"Mozilla/5.0 (X11; Linux i686) AppleWebKit/532.1 (KHTML, like Gecko) Chrome/50.0.803.0 Safari/532.1","Núcleo Pereira, 51
Castanheira
83761893 Rezende do Amparo / PA","VISA 16 digit
Heloísa Moraes
4844370713999091 12/28
CVC: 501
",06/31
Juan Ramos,835.901.462-06,joao-lucas83@bol.com.br,2021-07-19T14:05:23,email-99.lopes.com,4.92.124.213,"Mozilla/5.0 (iPad; CPU iPad OS 5_1_1 like Mac OS X) AppleWebKit/534.2 (KHTML, like Gecko) CriOS/16.0.826.0 Mobile/74K220 Safari/534.2","Praça Caldeira, 12
Conjunto Minas Caixa
40538208 Azevedo / RO","Discover
Felipe Lima
6517627140784987 06/27
CVC: 961
",06/22
Bruna da Rosa,791.832.056-59,diogosouza@rocha.com,2021-07-19T04:47:03,web-86.da.com,204.237.233.131,"Mozilla/5.0 (Macintosh; PPC Mac OS X 10 5_7) AppleWebKit/533.2 (KHTML, like Gecko) Chrome/57.0.830.0 Safari/533.2","Estrada Vinicius Barbosa, 96
Vila Esplanada
13939953 Correia / RO","Mastercard
Luiz Otávio Cardoso
2276858680501933 04/22
CVV: 369
",11/23
Dra. Gabriela Moraes,274.195.603-07,rodriguessophie@santos.com,2021-08-12T04:52:35,email-85.das.br,33.252.175.165,"Mozilla/5.0 (Windows 98) AppleWebKit/535.1 (KHTML, like Gecko) Chrome/38.0.823.0 Safari/535.1","Distrito Cardoso, 11
Marieta 1ª Seção
21965628 Porto da Prata / SE","Discover
Luiz Otávio Barbosa
6581092093998186 10/28
CVC: 279
",08/23
Vicente Nunes,527.806.319-02,maria-juliagomes@yahoo.com.br,2021-01-22T16:42:20,srv-97.azevedo.org,173.181.120.200,"Mozilla/5.0 (iPad; CPU iPad OS 3_1_3 like Mac OS X) AppleWebKit/532.0 (KHTML, like Gecko) CriOS/42.0.873.0 Mobile/23Q126 Safari/532.0","Trevo Martins, 12
Cônego Pinheiro 1ª Seção
83588976 Souza / AL","JCB 16 digit
Maria Julia Novaes
3545397130800663 04/24
CVC: 917
",08/22
Daniel Novaes,096.415.837-00,almeidaana-julia@fernandes.com,2021-04-29T20:02:50,laptop-35.duarte.br,67.128.0.135,"Mozilla/5.0 (Linux; Android 11) AppleWebKit/533.0 (KHTML, like Gecko) Chrome/36.0.884.0 Safari/533.0","Estrada Moraes, 25
Padre Eustáquio
34832-396 Carvalho / RS","JCB 16 digit
Nicolas da Luz
3591577534042276 10/26
CVC: 364
",07/24
Lucas Gabriel Campos,368.170.924-69,da-pazcarolina@azevedo.org,2021-07-19T05:33:33,laptop-03.vieira.br,185.195.28.18,"Mozilla/5.0 (iPhone; CPU iPhone OS 5_1_1 like Mac OS X) AppleWebKit/536.2 (KHTML, like Gecko) CriOS/28.0.824.0 Mobile/36U762 Safari/536.2","Colônia Cauê Nascimento, 610
Alta Tensão 2ª Seção
37196-962 Silva / BA","Mastercard
Maria Julia Nogueira
2720427015131303 01/29
CVV: 611
",10/22
Ana Laura Santos,247.590.863-74,rafaellopes@uol.com.br,2021-06-08T23:29:21,srv-97.rocha.com,211.228.2.93,"Mozilla/5.0 (Linux; Android 4.0.1) AppleWebKit/534.2 (KHTML, like Gecko) Chrome/22.0.895.0 Safari/534.2","Alameda Maysa Alves, 26
Casa Branca
38698622 Fernandes da Prata / PE","VISA 19 digit
Pedro Lucas Ferreira
4655467853222119013 03/23
CVC: 732
",12/24
Luna Farias,970.468.523-83,vitor-hugo72@ig.com.br,2021-03-01T03:41:58,email-42.cavalcanti.com,141.173.136.91,"Mozilla/5.0 (Linux; Android 2.3.1) AppleWebKit/533.0 (KHTML, like Gecko) Chrome/20.0.829.0 Safari/533.0","Setor da Cruz
Graça
56717890 das Neves de Novaes / RO","Maestro
Gabriela da Mata
501805379598 10/28
CVV: 033
",01/27
Yasmin Cardoso,816.590.243-15,ana-luiza59@gmail.com,2021-06-03T18:57:29,db-07.moura.br,43.186.130.64,"Mozilla/5.0 (Windows NT 6.1) AppleWebKit/534.0 (KHTML, like Gecko) Chrome/41.0.855.0 Safari/534.0","Núcleo Vitor Lopes
Eymard
84690421 Teixeira / AC","VISA 13 digit
Nicole Castro
4189970136559 03/27
CVC: 654
",03/31
Dr. Pedro Lucas da Conceição,301.856.274-71,vrodrigues@hotmail.com,2021-05-11T18:19:41,db-39.pinto.net,17.132.209.135,"Mozilla/5.0 (iPhone; CPU iPhone OS 4_2_1 like Mac OS X) AppleWebKit/534.2 (KHTML, like Gecko) CriOS/48.0.820.0 Mobile/07D787 Safari/534.2","Viela Rezende, 79
Caetano Furquim
13764-052 Freitas do Norte / MT","JCB 16 digit
Pietra da Mata
3596418687906964 07/22
CVC: 310
",07/28
Alana Lopes,254.016.389-06,uferreira@gomes.com,2021-02-19T03:21:16,srv-15.costa.com,160.110.67.237,"Mozilla/5.0 (Macintosh; U; Intel Mac OS X 10 5_7) AppleWebKit/536.2 (KHTML, like Gecko) Chrome/51.0.827.0 Safari/536.2","Feira Alícia Aragão, 22
Cabana Do Pai Tomás
80238185 Sales / RJ","VISA 19 digit
Heitor Castro
4704092788234253351 08/24
CVC: 760
",09/21
Benício da Paz,028.964.537-92,benjaminnascimento@caldeira.com,2021-01-22T07:21:27,srv-52.almeida.com,24.177.220.164,"Mozilla/5.0 (Linux; Android 4.4.4) AppleWebKit/534.0 (KHTML, like Gecko) Chrome/38.0.812.0 Safari/534.0","Colônia Davi Luiz Moreira, 84
Vila Paraíso
15253542 Farias / AL","JCB 15 digit
Samuel Pires
213151388639761 01/29
CVC: 601
",02/24
Levi Ribeiro,350.746.219-25,rodriguesluiz-felipe@araujo.br,2021-03-28T07:47:24,laptop-58.campos.br,8.110.47.172,"Mozilla/5.0 (Macintosh; U; PPC Mac OS X 10 12_3) AppleWebKit/536.0 (KHTML, like Gecko) Chrome/60.0.831.0 Safari/536.0","Setor Vitor Araújo, 7
Santa Maria
39487-324 Nascimento de Moura / MS","VISA 16 digit
Paulo Ferreira
4490621969320094 11/29
CVC: 739
",09/30
Yasmin Lopes,378.415.260-08,carolinefogaca@rocha.br,2021-01-25T15:39:18,db-20.teixeira.com,55.49.25.175,"Mozilla/5.0 (Windows NT 5.1) AppleWebKit/534.1 (KHTML, like Gecko) Chrome/35.0.823.0 Safari/534.1","Estrada Vitória Fernandes, 31
Vila Pinho
26573892 Farias da Praia / PE","American Express
João Pedro Silveira
340940447923075 11/26
CID: 7450
",01/23
Luiz Henrique Nogueira,097.465.813-84,da-mataerick@ig.com.br,2021-05-02T02:24:56,desktop-59.goncalves.com,57.164.197.28,"Mozilla/5.0 (X11; Linux i686) AppleWebKit/532.1 (KHTML, like Gecko) Chrome/13.0.895.0 Safari/532.1","Vereda Jesus, 58
Aeroporto
64006-076 Duarte Grande / PA","JCB 16 digit
Emanuel Sales
3505216620985362 12/23
CVC: 631
",01/29
Cauã Mendes,634.108.257-62,freitasclarice@nunes.br,2021-04-15T20:41:04,desktop-99.da.net,25.159.248.113,"Mozilla/5.0 (X11; Linux i686) AppleWebKit/532.2 (KHTML, like Gecko) Chrome/59.0.814.0 Safari/532.2","Vereda Nicole Vieira, 2
Nova Cachoeirinha
65567-365 Rodrigues Paulista / RO","VISA 16 digit
Maria Cecília das Neves
4560109951106999 04/24
CVC: 949
",08/22
Ryan Costa,356.890.714-39,emanuellymoura@bol.com.br,2021-03-23T23:00:17,lt-24.santos.net,179.215.255.245,"Mozilla/5.0 (Linux; Android 3.2.2) AppleWebKit/531.1 (KHTML, like Gecko) Chrome/33.0.879.0 Safari/531.1","Loteamento da Luz, 179
Custodinha
80387-572 Monteiro / PA","VISA 16 digit
Luiz Miguel Barbosa
4510947034461597 09/26
CVC: 243
",05/23
Helena Sales,029.548.736-47,theoda-rosa@nunes.com,2021-01-05T17:19:32,db-09.pinto.org,117.204.144.40,"Mozilla/5.0 (iPad; CPU iPad OS 14_2 like Mac OS X) AppleWebKit/531.1 (KHTML, like Gecko) CriOS/34.0.867.0 Mobile/22T537 Safari/531.1","Trevo Moura
Aarão Reis
28477480 Almeida / GO","American Express
Maria Eduarda Melo
347169118557680 08/25
CID: 4073
",10/26
